Max,Min,Peak to Peak Range,Mean,Median,Variance,Skew,Kurtosis,Standard Deviation,Inter Quartile Range
,,,,,,,,,
,,,,,,,,,
,,,,,,,,,
,,,,,,,,,
1.6842235516527138,0.9720602025655887,0.7121633490871251,1.4744021380309384,1.5962898892028632,0.08826748855717066,-1.7078948426366196,2.830852806499822,0.29709844926752926,0.2335941497044729
1.6842235516527138,0.2338360204953142,1.4503875311573995,1.1858662224862013,1.4429214485145267,0.3587398806551763,-1.285223617843572,0.9165211492574711,0.598948980010131,0.6242296866372745
1.5962898892028632,-0.6053407443948624,2.2016306335977256,0.727953363276686,0.9720602025655887,0.8366502400357048,-0.7927708617698305,-0.7621240003635279,0.9146858695944224,1.2090854280192125
1.4429214485145267,-1.4243687084790777,2.8672901569936045,0.12382164374029787,0.2338360204953142,1.3500518164255837,-0.3165183198929647,-1.4344526997484668,1.161917301887524,1.577400946960451
0.9720602025655887,-2.2960128008593013,3.26807300342489,-0.6239652061344676,-0.6053407443948624,1.679963961447363,-0.09388687974438877,-1.2427103439575131,1.2961342374335163,1.658204728974392
0.2338360204953142,-2.2960128008593013,2.5298488213546153,-1.216288513531922,-1.4243687084790777,1.0707908419496803,0.5818527791738134,-1.153786146676654,1.0347902405558724,1.384215590026819
-0.6053407443948624,-2.2960128008593013,1.6906720564644389,-1.4309015575706268,-1.4243687084790777,0.5230455341004918,-0.057305565018064324,-2.313308511314658,0.7232188701219651,1.150327134723471
0.531944764613822,-2.2960128008593013,2.827957565473123,-1.2034444557688897,-1.4243687084790777,1.2511783747158314,1.034220547192123,0.7006997218521,1.1185608498047084,1.150327134723471
1.966536934011813,-2.2960128008593013,4.262549734871114,-0.5252633272707116,-0.8392291996982104,3.1762599424321127,0.5837336117396688,-1.2794906187682074,1.7822064814246728,2.521501099035503
2.7310200842255745,-1.9895563344216813,4.720576418647256,0.4801432497462635,0.531944764613822,3.7796639504887786,-0.15153074384465598,-1.8065285290434343,1.9441357849925962,2.8057661337100237
3.1898856496268775,-0.8392291996982104,4.029114849325088,1.5160316465559753,1.966536934011813,2.749154946600391,-0.6804015276564737,-1.0899300931824278,1.6580575824139494,2.1990753196117527
3.2067440386913066,0.531944764613822,2.6747992740774844,2.3252262942338784,2.7310200842255745,1.25847365906768,-1.302971170322095,1.1145814071538567,1.1218171237183359,1.2233487156150644
3.2067440386913066,1.966536934011813,1.2402071046794936,2.741373521658783,2.7310200842255745,0.2586933921756591,-0.8750087761133306,0.3695899579474767,0.5086191032350821,0.577204747888532
3.2067440386913066,1.4581200617900565,1.7486239769012502,2.6396901472144316,2.7310200842255745,0.5073609325548359,-1.4988081403107532,2.4122585158683663,0.7122927295395033,0.577204747888532
3.2067440386913066,0.4645076540048256,2.742236384686481,2.1863876611702824,2.6126809017383454,1.4312764330803538,-0.8130010248056994,-1.164202569389771,1.196359658748302,1.731765587836821
3.2067440386913066,-0.1675127190379501,3.3742567577292566,1.5149079874373168,1.4581200617900565,2.0011299395617,0.03594345665924287,-2.108403406441885,1.4146129999267292,2.14817324773352
2.6126809017383454,-0.6063464913897928,3.219027393128138,0.7522898814210969,0.4645076540048256,1.6834998049373384,0.663939013802188,-0.785785737717133,1.2974975163511253,1.6256327808280067
1.4581200617900565,-0.9288979843398609,2.3870180461299175,0.043974104205455555,-0.1675127190379501,0.8976952274978003,0.8313849856408916,-0.07800502955159654,0.9474677976046469,1.0708541453946183
0.4645076540048256,-1.1856966499609847,1.6502043039658103,-0.48478923814475267,-0.6063464913897928,0.4262772308059456,0.6792139624992661,-0.4145373615242261,0.6528990969559888,0.7613852653019109
-0.1675127190379501,-1.1856966499609847,1.0181839309230345,-0.7875038166973689,-0.9288979843398609,0.16604278957646665,0.9878180383548149,0.11802924579457752,0.4074834838081988,0.44271874736846273
-0.6063464913897928,-1.1856966499609847,0.5793501585711919,-0.9024507076219124,-0.9288979843398609,0.0539416055504484,0.1389860803145757,-1.4506856634044958,0.23225332193630385,0.30681806509758835
-0.7422471736606672,-1.1856966499609847,0.4434494763003175,-0.9317915786350115,-0.9288979843398609,0.03652615007223142,-0.3259721976571952,-1.7632189025955185,0.19111815735882193,0.29601439230296644
-0.7422471736606672,-1.1856966499609847,0.4434494763003175,-0.9249174918440067,-0.8945275503848368,0.03681214246408979,-0.49836423341455044,-1.6822265369374183,0.1918649068070808,0.29601439230296644
-0.7422471736606672,-1.0490652387582555,0.30681806509758835,-0.8782114191020932,-0.8945275503848368,0.017269502797487932,-0.16929449903188515,-1.841950161486725,0.13141348027309807,0.1991154397961281
-0.7422471736606672,-0.9805368429546263,0.23828966929395912,-0.8645057399413674,-0.8945275503848368,0.012354561914791985,0.2879798368402739,-2.931964262527585,0.11115107698439987,0.1991154397961281
-0.7530508464552891,-0.9953679240881119,0.24231707763282284,-0.9151298900268564,-0.9521662862514172,0.00969549475260549,1.4923498071358596,1.998471555765325,0.09846570343325381,0.08600929256978951
-0.8945275503848368,-0.9953679240881119,0.10084037370327514,-0.9440051511169095,-0.9521662862514172,0.0021642115168114904,0.15467455441013775,-2.8106122979616153,0.046521086797402855,0.08310969104907184
-0.7059262211698389,-0.9953679240881119,0.289441702918273,-0.9062848852739098,-0.9521662862514172,0.013944074425363119,1.7285521825388226,2.9888916971049824,0.11808503048804754,0.08310969104907184
-0.5015903946092188,-0.9953679240881119,0.4937775294788931,-0.8161697069454702,-0.8974271519055544,0.04421127467357851,0.9743854135449116,-0.4886991098732831,0.2102647727832185,0.27461062178478735
-0.35425616918129865,-0.9953679240881119,0.6411117549068133,-0.6909135721908046,-0.7059262211698389,0.07118679079896961,0.17354288832971396,-1.9465259974727758,0.26680852834752045,0.3958367572963356
-0.19131535258096835,-0.8974271519055544,0.7061117993245861,-0.530103057889376,-0.5015903946092188,0.07808824607363388,-0.20338561060917407,-1.1754650288744426,0.2794427420306956,0.3516700519885403
0.0079731108040152,-0.7059262211698389,0.7138993319738541,-0.349023005347462,-0.35425616918129865,0.07575050760564357,0.008124879053934489,-0.6743254824685666,0.2752281010464658,0.3102750420282505
0.13048183424042317,-0.5015903946092188,0.632072228849642,-0.18174139426540958,-0.19131535258096835,0.06640783227884661,-0.014416156404001321,-1.7216199884252141,0.2576971716547285,0.36222927998531385
0.13048183424042317,-0.35425616918129865,0.4847380034217218,-0.05542808546253182,0.0079731108040152,0.04518012830570371,-0.700297933478174,-1.4430374613388632,0.2125561768232194,0.3212915019861383
0.13048183424042317,-0.19131535258096835,0.3217971868213915,0.017643140843840187,0.011099962350561364,0.01728781254500494,-1.1494900426361148,1.317958517134277,0.13148312646497626,0.1220030386011548
0.13048183424042317,-0.16459157357935666,0.29507340781977986,0.02298789664416252,0.011099962350561364,0.014638564318433167,-0.973612573006811,0.7654892984077991,0.12098993478150638,0.1220030386011548
0.13048183424042317,-0.29471270162394597,0.42519453586436917,-0.03754926584142971,0.011099962350561364,0.035234685852696734,-0.5982668620949847,-1.7328121326862167,0.18770904574020064,0.29456772298452666
0.12997614940517,-0.5435680594395766,0.6735442088447466,-0.17235924457742965,-0.16459157357935666,0.06947266511414776,-0.4362515248744196,-0.5670427239608232,0.2635766778646164,0.30581266397450735
0.011099962350561364,-0.7347829520293714,0.7458829143799327,-0.34531106486433794,-0.29471270162394597,0.08831068400079788,-0.24712221090097108,-1.3060295858216964,0.2971711358809901,0.37897648586022
-0.16459157357935666,-0.8038391179938632,0.6392475444145065,-0.5082988809332228,-0.5435680594395766,0.07590918756376078,0.2564505703615084,-2.2950186628728098,0.2755162201464022,0.4400702504054254
-0.29471270162394597,-0.8038391179938632,0.5091264163699172,-0.623888412807759,-0.7347829520293714,0.04339147006140636,1.259639181431935,0.7507154752706752,0.20830619304621348,0.19897117351246063
-0.5435680594395766,-0.8038391179938632,0.26027105855428656,-0.6911789100923986,-0.7347829520293714,0.010655531936517795,0.6758529168358587,-0.7404753115283048,0.10322563604317386,0.11137404490489322
-0.45434638031129876,-0.8038391179938632,0.34949273768256445,-0.673334574266743,-0.7347829520293714,0.018832677518210737,1.2560063122028455,1.2698499837731692,0.13723220291976201,0.11137404490489322
-0.35267805633974925,-0.8038391179938632,0.45116106165411396,-0.5969135951288187,-0.631165188047144,0.036293644792563126,0.33011580052684475,-2.0634209619755253,0.190508910008333,0.2881928526407385
-0.30287410846177987,-0.7425392329520373,0.4396651244902574,-0.49672059322240186,-0.45434638031129876,0.034655609680399706,-0.44791858888818187,-1.9386276873892403,0.18616017211100688,0.2784871317073948
-0.1826820814369406,-0.631165188047144,0.44848310661020346,-0.38474916291938255,-0.35267805633974925,0.028531953986744255,-0.55912741079592,0.3279739790310418,0.16891404318985517,0.1514722718495189
-0.12514112742106795,-0.45434638031129876,0.32920525289023084,-0.28354435079416734,-0.30287410846177987,0.017397805154000988,-0.05807196702493788,-1.3629226598446291,0.13190073977806563,0.16999597490280866
-0.047842259326264194,-0.35267805633974925,0.30483579701348507,-0.20224352659716044,-0.1826820814369406,0.01573106079390317,-0.05843822281373332,-1.8450776935957336,0.12542352567960754,0.17773298104071192
0.01995740042617503,-0.30287410846177987,0.3228315088879549,-0.12771643524397558,-0.12514112742106795,0.015473877669734466,-0.39178781756419045,-0.3432260707830845,0.12439404193824745,0.1348398221106764
0.01995740042617503,-0.1826820814369406,0.20263948186311562,-0.08532875521996304,-0.09093570834171716,0.005896136243557609,0.21519798128223333,-0.19046029608454162,0.07678630244749131,0.07729886809480375
0.01995740042617503,-0.31477116027739976,0.3347285607035748,-0.11174657098805488,-0.09093570834171716,0.015815296784369534,-1.218495499768058,2.078931433582182,0.12575888352068626,0.07729886809480375
0.01995740042617503,-0.4676690909258219,0.4876264913519969,-0.18025216368900565,-0.09093570834171716,0.04157438300943726,-0.7430998493913024,-1.3976580630745186,0.20389797205817733,0.2669289009511356
0.01995740042617503,-0.4801137296060995,0.5000711300322745,-0.2667064577449727,-0.31477116027739976,0.05032759579376829,0.40746970168840524,-2.365108438809161,0.2243381282657237,0.3767333825841047
-0.09093570834171716,-0.4801137296060995,0.38917802126438233,-0.3204585539471879,-0.31477116027739976,0.026252076819145168,0.5093626558325103,-0.888231774837544,0.16202492653645972,0.2188660103409211
0.303450381123813,-0.4801137296060995,0.7835641107299125,-0.24158133605408186,-0.31477116027739976,0.10262046309259873,1.7286505659928837,3.1722070921887258,0.32034428837205564,0.2188660103409211
1.2338140270272953,-0.4801137296060995,1.7139277566333948,0.06813570140685714,-0.24880308058490078,0.5255733407336691,1.363121712551737,1.1965719375892074,0.7249643720443572,0.7711194720496348
2.5479693303830717,-0.4801137296060995,3.028083059989171,0.6712633856686359,0.303450381123813,1.5364915993086166,0.9697917323755911,-0.059327856846455994,1.239552983663311,1.4826171076121961
3.6653677116271313,-0.24880308058490078,3.914170792212032,1.5003596739152818,1.2338140270272953,2.586988643614408,0.4218180190820658,-1.538818688365281,1.608411838931313,2.2445189492592585
3.6653677116271313,0.303450381123813,3.361917330503318,2.2428729951704525,2.5479693303830717,2.0966771891718934,-0.49348028856004317,-1.883848436937047,1.447990742087771,2.229949498663657
3.6653677116271313,1.2338140270272953,2.431553684599836,2.5725650576436325,2.5479693303830717,1.0416308653805815,-0.2452028982742404,-1.7585780012130432,1.0206031870323458,1.511852832201239
3.6653677116271313,1.0719823996699933,2.593385311957138,2.5401987321721724,2.5479693303830717,1.1551948894586577,-0.38804839994031703,-1.3522836484314322,1.0747999299677395,1.511852832201239
3.6653677116271313,0.9820039067092963,2.683363804917835,2.227005647437417,1.9519106934897132,1.639560187027251,0.2730993978074909,-2.974273742314479,1.2804531178560388,2.391781126020959
3.4637635256909522,0.8244447158486008,2.6393188098423517,1.6588210482817112,1.0719823996699933,1.2105909484098876,1.505388967904509,1.7523228475823902,1.10026858012482,0.969906786780417
1.9519106934897132,0.6323375121364223,1.319573181353291,1.092535845570805,0.9820039067092963,0.258705060703506,1.6357589283959983,3.1235880333954853,0.5086305738977023,0.24753768382139252
1.0719823996699933,0.24634707666554728,0.825635323004446,0.7514231222059718,0.8244447158486008,0.10763527399822762,-1.0023015779822748,0.4905185988917893,0.3280781522720274,0.34966639457287396
0.9820039067092963,-0.1929953908286262,1.1749992975379224,0.498427564106248,0.6323375121364223,0.2249188528240462,-0.7672822732518219,-0.6147421895309376,0.4742561046776796,0.5780976391830535
0.8244447158486008,-0.48313514868034896,1.3075798645289498,0.20539975302831898,0.24634707666554728,0.2999920502445545,-0.18901274871271226,-2.027099091470744,0.5477153003564484,0.8253329029650485
0.6323375121364223,-0.7668044570790404,1.3991419692154627,-0.11285008155720928,-0.1929953908286262,0.3138794437667378,0.30612583580649794,-1.3168523164443908,0.5602494478058303,0.7294822253458962
0.24634707666554728,-0.8582433814450517,1.104590458110599,-0.4109662602735041,-0.48313514868034896,0.20286452918192677,0.7270809936048298,-0.5579388415910079,0.45040485030906,0.5738090662504143
-0.1929953908286262,-0.8582433814450517,0.6652479906164255,-0.5648367931927062,-0.5230055879304631,0.06839235006184619,0.43177667034140843,-0.4532394301359955,0.2615193110686975,0.2836693083986915
0.17035863253843886,-0.8582433814450517,1.0286020139834906,-0.4921659885192932,-0.5230055879304631,0.1623526141229728,1.4076750836446104,2.25844696079121,0.40293003626308727,0.2836693083986915
1.1230190162295453,-0.8582433814450517,1.9812623976745969,-0.17093515553731434,-0.5230055879304631,0.6855513149244292,1.1938347133867315,0.461768593268373,0.8279802624002756,0.9371630896174793
1.302614876873182,-0.8582433814450517,2.1608582583182336,0.24294871125313017,0.17035863253843886,0.9254988643119528,0.04045069183559543,-2.6362332646701767,0.9620285153320315,1.6460246041600084
1.302614876873182,-0.5230055879304631,1.8256204648036451,0.6164317434068054,1.0091717793233244,0.5947553364340479,-0.9578624910349666,-0.8033136940133166,0.7712038228860435,0.9526603836911064
1.302614876873182,0.17035863253843886,1.132256244334743,0.7738411616614621,1.0091717793233244,0.2702485425517998,-0.44138838301247757,-2.9289083673063394,0.5198543474395495,0.8589775128867249
1.302614876873182,-0.5465443504723188,1.8491592273455009,0.6304605650593105,1.0091717793233244,0.5893577326233306,-1.1071797788800477,-0.008098368032296577,0.767696380493832,0.8589775128867249
1.302614876873182,-0.906859181414858,2.20947405828804,0.22448492553042998,0.2640415033428204,0.9135220015297725,-0.08113476691530642,-2.425135691468546,0.9557834490771288,1.555716129795643
1.0091717793233244,-0.906859181414858,1.9160309607381825,-0.2038651371540082,-0.5465443504723188,0.6763983019394888,0.9312683823013788,-0.8034689099758671,0.8224343754607347,1.1031769398918287
0.2640415033428204,-0.906859181414858,1.1709006847576784,-0.5099470902573843,-0.5465443504723188,0.21660734056267925,1.5102957730925828,2.535083551878406,0.4654109373045279,0.31789745035545247
-0.2130910585989502,-0.906859181414858,0.6937681228159078,-0.6053736026457384,-0.5465443504723188,0.07749085660661625,0.40541766488287884,-0.7161725243123284,0.2783717956378057,0.31789745035545247
0.031838199452558634,-0.906859181414858,0.9386973808674166,-0.48969709266076283,-0.521237986193556,0.16140903785925462,0.30664279210355055,-2.0009995537673895,0.4017574365948372,0.6260443779500583
0.2686679032853098,-0.8391354365490085,1.1078033398343183,-0.2545916757207293,-0.2130910585989502,0.192589156211722,-0.25563005922058957,-1.1414904609090222,0.43884981054082955,0.5530761856461146
0.476835414032841,-0.521237986193556,0.998073400226397,0.00860249439564057,0.031838199452558634,0.15432373705819274,-0.2706562853852454,-0.9738328360061365,0.39284060006342614,0.48175896188426004
0.5450036212285643,-0.2130910585989502,0.7580946798275144,0.22185081588006464,0.2686679032853098,0.0992289872874467,-0.516047171758537,-1.36968956931236,0.31500632896411257,0.4449972145802824
0.5450036212285643,0.031838199452558634,0.5131654217760057,0.3363627335831948,0.3594685299167007,0.040278813427723374,-0.859940370120144,0.40232116721644456,0.20069582314468673,0.2081675107475312
0.5450036212285643,0.07228171754472083,0.4727219036838434,0.34445143720162724,0.3594685299167007,0.03444792730604773,-0.6651616902900233,-0.15736817010825396,0.18560152829663804,0.2081675107475312
0.5450036212285643,-0.22624039337724997,0.7712440146058143,0.24546977786911528,0.3594685299167007,0.10218772156993225,-0.8853994140973491,-0.638773157098381,0.3196681428762213,0.4045536964881202
0.5450036212285643,-0.5079719475584469,1.0529755687870113,0.0485083055508577,0.07228171754472083,0.1822315386021672,-0.2174242118766849,-1.536621492995027,0.4268858613284905,0.5857089232939506
0.3594685299167007,-0.7146475568125713,1.074116086729272,-0.20342193005736942,-0.22624039337724997,0.1868703020275877,0.19310159355970932,-1.4466619168692958,0.4322849777954211,0.5802536651031677
0.07228171754472083,-0.7362044497401988,0.8084861672849196,-0.4225565259887493,-0.5079719475584469,0.1185982239475179,0.7379469775030575,-1.0278142260770302,0.3443809285479059,0.4884071634353213
-0.22624039337724997,-0.7362044497401988,0.5099640563629488,-0.5714066127442351,-0.6719687162327078,0.04523817688337342,1.4267323567505692,1.4498837267808362,0.21269268178142242,0.20667560925412443
-0.5079719475584469,-0.7362044497401988,0.22823250218175195,-0.6387729285388826,-0.6719687162327078,0.009797838063292248,0.5470805299850406,-2.1401341536493703,0.0989840293344954,0.15157558446208397
-0.4756030500967702,-0.7362044497401988,0.26060139964342866,-0.6322991490465472,-0.6719687162327078,0.012124328938490359,0.7604718030948492,-1.274868446319438,0.11011053055221538,0.15157558446208397
-0.4261070301744476,-0.7362044497401988,0.3100974195657512,-0.5745910437189224,-0.5630719723504873,0.016895029568701564,-0.17064163136934302,-2.069567761798575,0.12998088155071716,0.19636566613593764
-0.4133982952247053,-0.6719687162327078,0.25857042100800254,-0.5100298128158237,-0.4756030500967702,0.011650891189377836,-0.9481659107095323,-0.321668247584397,0.10793929400073837,0.13696494217603972
-0.4013527602515599,-0.5630719723504873,0.16171921209892742,-0.45590662161959417,-0.4261070301744476,0.00438586473634635,-1.395412733176769,1.4194901178690043,0.06622586153721483,0.062204754872064894
-0.4013527602515599,-0.4756030500967702,0.07425028984521026,-0.42647896291152626,-0.41593367881014787,0.0008317368049410802,-1.7243835916059422,3.3178648068981005,0.02883984751937985,0.01270873494974234
-0.4013527602515599,-0.4478108485080388,0.0464580882564789,-0.42092052259378,-0.41593367881014787,0.0003035848318134419,-0.9091430923977111,1.1415108047283304,0.017423685942229386,0.01270873494974234
-0.4013527602515599,-0.48019461420896126,0.07884185395740134,-0.4317380394006827,-0.41593367881014787,0.0010289410134590926,-1.006909051156077,-0.19816619388091775,0.03207711042876357,0.034412553283333536
-0.4013527602515599,-0.5254826174623282,0.12412985721076825,-0.4541549038482072,-0.4478108485080388,0.00251372117376471,-0.585967397768603,-0.8283518729498466,0.05013702398193086,0.06426093539881339
-0.41593367881014787,-0.5835487032372034,0.16761502442705556,-0.4905940924453359,-0.48019461420896126,0.004342625329723136,-0.5096579093254794,-0.6707438204512961,0.06589859884491578,0.07767176895428934
-0.4478108485080388,-0.6171907555135783,0.16937990700553945,-0.530845507786022,-0.5254826174623282,0.004930539217521912,-0.10534692683826698,-1.9624128125381024,0.07021779843830132,0.10335408902824217
-0.48019461420896126,-0.6182763473706456,0.13808173316168437,-0.5649386075585434,-0.5835487032372034,0.0036649641696635013,0.6932770983495417,-1.5167624055748814,0.06053894754340797,0.09170813805125011
-0.5254826174623282,-0.6298937402773865,0.10441112281505838,-0.5948784327722285,-0.6171907555135783,0.0018038789668032048,1.4618666843127854,1.7031261664252415,0.04247209633162937,0.034727644133442204
-0.5835487032372034,-0.6298937402773865,0.04634503704018311,-0.6121033721489317,-0.6171907555135783,0.0002990248701839517,1.3928448487547038,2.724035350216892,0.017292335590774074,0.006669033024801263
-0.5637985502888384,-0.6298937402773865,0.06609518998854813,-0.6081533415592588,-0.6171907555135783,0.0006590181176789796,1.8513226415575554,3.8325970282233874,0.025671348185846796,0.006669033024801263
-0.5547266397880359,-0.6298937402773865,0.0751671004893506,-0.5956605184141501,-0.6116073143458444,0.0011571142328026033,0.4784025598322138,-2.8299172169676297,0.03401638182997426,0.05447779708180722
-0.5547266397880359,-0.6298937402773865,0.0751671004893506,-0.5923908256184662,-0.6019278833922251,0.0010257016551746428,0.20414330984958728,-2.292735100918167,0.03202657732531909,0.04780876405700596
-0.5547266397880359,-0.6709440079159813,0.11621736812794536,-0.6006008791461851,-0.6019278833922251,0.002132478891802753,-0.8590105849360048,0.4558204678200018,0.046178771007929095,0.04780876405700596
-0.5547266397880359,-0.7533414213135536,0.1986147815255177,-0.628947700539727,-0.6019278833922251,0.0069301839393504944,-0.9344121154494643,-0.414661870681653,0.08324772633141697,0.10714545762714289
-0.5547266397880359,-0.7668113968303731,0.2120847570423372,-0.6695502698480339,-0.6709440079159813,0.008559969890432464,0.16559487984656956,-2.3103118612913867,0.0925201053308548,0.1514135379213285
-0.6019278833922251,-0.7668113968303731,0.164883513438148,-0.6948039523715756,-0.6809950524057444,0.004499413546092257,0.33604436449351494,-0.9985134966310092,0.06707766801322372,0.08239741339757234
-0.47546618313302313,-0.7668113968303731,0.29134521369735,-0.6695116123197351,-0.6809950524057444,0.01357055867084162,1.5273029006469476,2.5670766251425214,0.1164927408504136,0.08239741339757234
-0.09681856349211666,-0.7668113968303731,0.6699928333382564,-0.5546865234349623,-0.6809950524057444,0.07908337647867848,1.4442353559144536,1.558855067075663,0.2812176674369491,0.2778752381805305
0.45173174819141854,-0.7668113968303731,1.2185431450217916,-0.31367188953396785,-0.47546618313302313,0.24982680153870926,1.0402850813672546,0.1407975514752889,0.4998267715306067,0.5841764889136277
1.0494099472939542,-0.6809950524057444,1.7304049996996986,0.04957237929089762,-0.09681856349211666,0.4980579732004074,0.6244244455762126,-1.0116952987833134,0.7057322248561472,0.9271979313244416
1.5284570236275594,-0.47546618313302313,2.0039232067605823,0.49146279449755836,0.45173174819141854,0.6673168041357489,0.13845903344506194,-1.6920351855538602,0.8168946101767038,1.1462285107860708
1.771282163632552,-0.09681856349211666,1.8681007271246686,0.9408124638506734,1.0494099472939542,0.5906693899088981,-0.4196548498409511,-1.509779724135696,0.7685501869812394,1.076725275436141
1.771282163632552,0.45173174819141854,1.3195504154411335,1.3093628972529499,1.5284570236275594,0.313768087616839,-1.081266010328049,-0.004485450266891178,0.5601500581244627,0.6965236562253101
1.771282163632552,1.0494099472939542,0.7218722163385978,1.5219404303004889,1.5284570236275594,0.08393134056915977,-1.3497608697920658,1.9792490948525163,0.2897090619382828,0.23131419009014942
1.771282163632552,1.2247154190449094,0.5465667445876425,1.5570015246506799,1.5284570236275594,0.04865915263424099,-0.7843529346071237,0.22397317780826262,0.22058819695133508,0.23131419009014942
1.771282163632552,0.8603140069871598,0.9109681566453922,1.4233729213225998,1.5146194134291149,0.14747807528234944,-0.808658304692636,-0.6657584317601343,0.38402874278151294,0.5212181844743549
1.7459336035192643,0.3304413012360238,1.4154923022832406,1.1352047488432944,1.2247154190449094,0.31204162706986766,-0.6187323802408544,-0.48919158495759874,0.5586068627128274,0.6543054064419551
1.5146194134291149,-0.34236210057680455,1.8569815140059194,0.7175456080240805,0.8603140069871598,0.5465461948254181,-0.6279524294336226,-0.657199561321472,0.7392876265875266,0.8942741178088857
1.2247154190449094,-0.9215177351873056,2.146233154232215,0.23031817830079643,0.3304413012360238,0.7626084824310786,-0.3013520396900525,-1.545155550447813,0.873274574478771,1.2026761075639643
0.8603140069871598,-1.2368853109361522,2.097199317923312,-0.26200196769541584,-0.34236210057680455,0.7505996263463084,0.2612220130201963,-1.7827088248178466,0.8663715290487727,1.2519590364233295
0.3304413012360238,-1.2368853109361522,1.567326612172176,-0.5924560999780459,-0.7919566544259911,0.36941441515797757,0.9102701633946176,0.38248773343875087,0.6077947146512361,0.5791556346105011
0.05898082501534525,-1.2368853109361522,1.2958661359514974,-0.6467481952221817,-0.7919566544259911,0.25888748916977034,0.47562575601122664,-0.8369021392772046,0.5088098752675407,0.5791556346105011
0.8843823896526825,-1.2368853109361522,2.1212677005888345,-0.40139929717628425,-0.7919566544259911,0.7465698802857941,0.9300038338427754,-0.46049971387279953,0.8640427537372176,0.9804985602026509
1.4841652535024028,-1.2368853109361522,2.721050564438555,0.07973730056165737,0.05898082501534525,1.2784119694865137,0.09984260369802561,-1.963908752361668,1.1306688151207291,1.6763390440786736
1.7961854575694074,-0.7919566544259911,2.5881421119953982,0.6863514542627692,0.8843823896526825,1.1216108487953638,-0.559488592016134,-1.1889418480495664,1.0590613054943343,1.4251844284870576
1.7961854575694074,0.05898082501534525,1.7372046325540622,1.175535016484224,1.4841652535024028,0.5102035698606484,-1.187578834419821,0.505698063407903,0.7142853560452211,0.7695787670286002
1.7961854575694074,0.8843823896526825,0.9118030679167249,1.3957802415693703,1.4841652535024028,0.13795404267511457,-0.5263150179420614,-1.3212345417511149,0.37142165078938866,0.49375420624020583
1.7961854575694074,0.6652741818840054,1.1309112756854018,1.351958600015635,1.4841652535024028,0.2035814574125434,-0.9676782031992446,0.18135526596780593,0.45120001929581455,0.49375420624020583
1.7961854575694074,0.2422090573398994,1.553976400229508,1.1035673607831342,1.1602069504410768,0.4299750598139308,-0.331172545859731,-1.8521468446356184,0.6557248354408508,0.9886869747972772
1.6539611566812826,-0.05512526854713949,1.7090864252284221,0.7333052155598249,0.6652741818840054,0.47431968489933907,0.31797574536469436,-1.3535332873345698,0.6887087083080473,0.9179978931011774
1.1602069504410768,-0.16048382202536665,1.3206907724664434,0.370416219818495,0.2422090573398994,0.2975220263079578,0.7432368796337999,-0.8101692168317077,0.5454557968414653,0.720399450431145
0.6652741818840054,-0.16048382202536665,0.8257580039093722,0.10907501994369677,-0.05512526854713949,0.12300599709070704,1.291472235083309,0.7810677673054384,0.3507221080723413,0.3887081062728138
0.2422090573398994,-0.16126098172957173,0.4034700390694711,-0.05623201277901868,-0.14649904893291443,0.029778989770618266,1.9098129781298108,3.6137413559311162,0.1725658997908285,0.10535855347822716
-0.05512526854713949,-0.3316384330948558,0.2765131645477163,-0.1710015108659697,-0.16048382202536665,0.010009348661069898,-1.0703349377719604,2.56189253732299,0.1000467323857701,0.014761932796657301
-0.14649904893291443,-0.525639565182571,0.3791405162496566,-0.26510437019305605,-0.16126098172957173,0.0270253750030365,-1.3172913445952252,0.6618177781397409,0.16439396279376106,0.17115461106948915
-0.14649904893291443,-0.6314710885880711,0.4849720396551567,-0.3593018235055969,-0.3316384330948558,0.04675370305198246,-0.3024574495613149,-2.371710094957494,0.2162260461923643,0.36437858345299934
-0.16126098172957173,-0.7441600245735996,0.5828990428440279,-0.4788340186337339,-0.525639565182571,0.05460147447766081,0.42063493904061433,-1.2311233865394822,0.23366958398058746,0.2998326554932153
-0.3316384330948558,-0.8385808557411164,0.5069424226462607,-0.6142979934360429,-0.6314710885880711,0.03880465215116872,0.5343584084912871,-0.3129933696383536,0.19698896454159232,0.2185204593910286
-0.525639565182571,-0.884332344276159,0.358692779093588,-0.7248367756723036,-0.7441600245735996,0.021786655073667123,0.412257751627903,-1.5081936131695233,0.14760303206122535,0.2071097671530453
-0.6314710885880711,-0.884332344276159,0.2528612556880879,-0.7869559197700206,-0.8362352856711562,0.01014569483514453,1.0832035185289217,0.3878388256202984,0.10072583995750312,0.09442083116751676
-0.7441600245735996,-0.884332344276159,0.1401723197025594,-0.8188678945894644,-0.8362352856711562,0.002832995475819077,0.4008981036219334,-0.15671660289773826,0.05322589102888816,0.047549893055826464
-0.7476561774684324,-0.884332344276159,0.13667616680772665,-0.819567125168431,-0.8362352856711562,0.0027048450248205124,0.3315512846718416,-0.276329548573288,0.05200812460395503,0.047549893055826464
-0.6468560667551435,-0.884332344276159,0.23747627752101552,-0.7812221673712363,-0.7910309626852899,0.008233822226221455,0.6692304417965055,0.28640857432435735,0.09074041120813513,0.08857910820272386
-0.5105292873652612,-0.8362352856711562,0.3257059983058951,-0.7064615559890567,-0.7476561774684324,0.016908117634565886,0.9235504300277068,-0.024618188596308006,0.1300312179231045,0.14417489593014643
-0.4845012144500113,-0.7910309626852899,0.3065297482352786,-0.6361147417448277,-0.6468560667551435,0.01882856786680742,0.05789147159047212,-2.6832601961649782,0.1372172287535622,0.23712689010317123
-0.46986869935562264,-0.7476561774684324,0.27778747811280974,-0.5718822890788944,-0.5105292873652612,0.014580985672355376,-0.9211530593780185,-1.1389371179441643,0.12075175225376804,0.1623548523051322
-0.46986869935562264,-0.6468560667551435,0.17698736739952087,-0.5187910088345823,-0.4845012144500113,0.005344253941952176,-2.01928442053266,4.162096015039215,0.07310440439503064,0.028329511118388884
-0.46986869935562264,-0.6017915827869935,0.13192288343137087,-0.5097781120409522,-0.4845012144500113,0.0028648226102446243,-1.8432707528131873,3.454081845579251,0.05352403768630151,0.028329511118388884
-0.46986869935562264,-0.6882923326923477,0.21842363333672504,-0.5453307211063696,-0.4845012144500113,0.009251528273648519,-1.0279872410492663,-0.8456284601565649,0.09618486509658637,0.11959180654012125
-0.46986869935562264,-0.6882923326923477,0.21842363333672504,-0.5789944479124802,-0.6017915827869935,0.009798391051455524,0.2090052200375994,-2.762506340530497,0.0989868226152124,0.17062007223369235
-0.48219977624687227,-0.6882923326923477,0.20609255644547542,-0.604228125760707,-0.6017915827869935,0.00609797358012018,0.9702765799985803,1.3201716386488809,0.07808952285755227,0.05678275988380854
-0.5605656058725905,-0.6882923326923477,0.12772672681975716,-0.6199012916858506,-0.6017915827869935,0.002544787806951252,-0.4126119934573413,-1.07454376222413,0.05044588989155858,0.05678275988380854
-0.4736792221357387,-0.6882923326923477,0.21461311055660898,-0.5942788195555996,-0.5960370885967561,0.006987381976148437,0.5427197882241523,-0.250354524308315,0.08359056152550022,0.0922542426079741
-0.18570562887161302,-0.6528198484805646,0.4671142196089516,-0.49376147879145266,-0.5605656058725905,0.0338810901066236,1.5934619790245093,2.644472413699192,0.18406816701054965,0.12235786646101737
0.10538957526327053,-0.5960370885967561,0.7014266638600266,-0.34211959404268566,-0.4736792221357387,0.08855761874560725,1.0178081139717186,-0.43891613490679876,0.2975863215028662,0.3748599770009775
0.18962291894922448,-0.5605656058725905,0.750188524821815,-0.1849875925334895,-0.18570562887161302,0.11226353789333321,0.00017200017651685997,-2.6792199260044964,0.3350575143066235,0.5790687973990092
0.2932738324372409,-0.4736792221357387,0.7669530545729797,-0.014219704871523242,0.10538957526327053,0.09773023520049234,-0.8561946015268705,-0.6317296963656626,0.31261835390855147,0.37532854782083747
0.2932738324372409,-0.18570562887161302,0.47897946130885394,0.12388436587376768,0.18962291894922448,0.034460832790457564,-1.5457128684847552,2.634492070940682,0.1856362916847284,0.11145155632744533
0.2932738324372409,0.10538957526327053,0.1878842571739704,0.19896562957665834,0.18970068964284031,0.004535793498436278,0.03203318839248329,1.471983215208552,0.06734829989269424,0.02721821264149138
0.2932738324372409,0.10923033606262757,0.18404349637461337,0.19973378173652973,0.18970068964284031,0.00435904216655717,0.1159844472739545,1.4569190065489,0.06602304269387446,0.02721821264149138
0.2932738324372409,0.07531220313684536,0.21796162930039556,0.1768716385740539,0.18970068964284031,0.007550320097813725,0.18173613961921176,-1.1261824373236269,0.08689257792132608,0.10761079552808829
0.21684113159071586,0.04478891134339274,0.1720522202473231,0.1271746543552843,0.10923033606262757,0.005437176321394601,0.2711583518909464,-2.3622615244153735,0.07373721123960819,0.11438848650599495
0.18970068964284031,-0.07369408157796843,0.26339477122080873,0.06906761172154743,0.07531220313684536,0.009293683800748744,-0.5131456387110684,1.1189640254584237,0.09640375408016404,0.06444142471923484
0.10923033606262757,-0.20717143477371555,0.31640177083634313,-0.01030681316176374,0.04478891134339274,0.016857227473765234,-1.0244719994613163,-0.14685481452415297,0.129835386061602,0.1490062847148138
0.07531220313684536,-0.21147389889746984,0.2867861020343152,-0.07444766015378321,-0.07369408157796843,0.01825943374237393,0.024183613319732334,-2.871117461229533,0.13512747219708482,0.25196034611710827
0.11337174503867373,-0.21147389889746984,0.32484564393614357,-0.06683575177341755,-0.07369408157796843,0.021399035384390204,0.1934131110720629,-2.4439469661065467,0.14628409135784454,0.25196034611710827
0.8617921814590411,-0.21147389889746984,1.073266080356511,0.09656490224971212,-0.07369408157796843,0.20049676145631828,1.7910978647152371,3.2332134821283347,0.4477686472457828,0.3205431798123893
1.635179762628935,-0.21147389889746984,1.8466536615264049,0.4383396710910928,0.11337174503867373,0.6390711624370289,0.9889962856167337,-0.5103885331664865,0.799419265740468,1.0689636162327567
1.8915010454017516,-0.21147389889746984,2.1029749442992216,0.8580741671261862,0.8617921814590411,0.8425982014831443,-0.03422496980525842,-2.504371139977311,0.91793147973209,1.5218080175902613
1.8915010454017516,0.11337174503867373,1.7781293003630778,1.1975465125343812,1.4858878281435048,0.5111005917182241,-0.9923661298382522,-0.009431759181583269,0.7149129959080504,0.7733875811698939
1.8915010454017516,0.8339355935141264,1.0575654518876252,1.3416592822294717,1.4858878281435048,0.22433447222083178,-0.18377074336025873,-2.567070061059404,0.4736396016179726,0.7733875811698939
1.8915010454017516,0.15394420798218653,1.7375568374195651,1.2000896875341007,1.4858878281435048,0.4943807003411716,-0.9083163342325881,-0.396201571171274,0.703122109125557,0.8012441691148087
1.8915010454017516,-0.49266715374984243,2.384168199151594,0.7745203042583453,0.8339355935141264,0.9370246629309302,-0.23887570365471583,-1.5372635796116139,0.9680003424229406,1.3319436201613184
1.4858878281435048,-0.9075895549115857,2.3934773830550906,0.21470218419567785,0.15394420798218653,0.9407411540506608,0.23920646617638316,-1.509797846489236,0.9699181171885908,1.3266027472639688
0.8339355935141264,-1.0223003748561281,1.8562359683702545,-0.2869354564042488,-0.49266715374984243,0.6047563483977522,0.7517054507787057,-0.9633787677344294,0.7776608183506175,1.0615337628937722
0.15394420798218653,-1.0223003748561281,1.1762445828383146,-0.629219031853266,-0.8774822837309592,0.23140720205018012,1.4421392158414121,1.575690413371498,0.48104802468171526,0.4149224011617432
-0.49266715374984243,-1.0223003748561281,0.5296332211062857,-0.7890982058113126,-0.8774822837309592,0.04618522372971801,0.5866796695550492,-1.3412783204644516,0.21490747713776273,0.2621378931035385
-0.45298621986517457,-1.0223003748561281,0.5693141549909535,-0.7811620190343791,-0.8774822837309592,0.052381469521616736,0.7266543495495883,-0.8652969277684667,0.2288699838808417,0.2621378931035385
-0.39149909436066793,-1.0223003748561281,0.6308012804954601,-0.6779439269241955,-0.6454516618080471,0.0730273196073555,-0.29258062317575206,-2.154028128614627,0.2702356741944992,0.4244960638657846
-0.29528744607006807,-0.8774822837309592,0.5821948376608911,-0.5325413411669835,-0.45298621986517457,0.0535610844530927,-0.867831129662157,-0.19005800123841254,0.2314326780147797,0.2539525674473792
-0.05521582746725833,-0.6454516618080471,0.5902358343407889,-0.36808804991424326,-0.39149909436066793,0.04696882624121464,0.37044837143216425,0.828431813827469,0.21672292504766227,0.1576987737951065
0.10673919272781236,-0.45298621986517457,0.5597254125929869,-0.2176498790070714,-0.29528744607006807,0.05581185644691512,0.6214219089432668,-1.665157956123276,0.23624533105844678,0.3362832668934096
0.2293568472020129,-0.39149909436066793,0.6208559415626809,-0.0811812655936339,-0.05521582746725833,0.0686402083751024,-0.07176841128884469,-2.183985058577766,0.2619927639746991,0.4020266387978804
0.2293568472020129,-0.29528744607006807,0.524644293272081,0.017975139036366473,0.10428292878933393,0.040875170788025925,-1.0258534581355356,0.807968410903141,0.2021760885664423,0.1619550201950707
0.2293568472020129,-0.08233591557394987,0.3116927627759628,0.06056544513559011,0.10428292878933393,0.016589968183360778,0.10153543342580744,-1.5661294332178504,0.12880205038492507,0.1619550201950707
0.2293568472020129,-0.2729957072198426,0.5023525544218556,0.017009469185073255,0.10428292878933393,0.03868299920089567,-0.7890952211798767,-0.20883823431884707,0.19667994102321587,0.18907510830176222
0.2293568472020129,-0.3429567175125021,0.572313564714515,-0.07292971286298963,-0.08233591557394987,0.058952736686187,0.1598008509780631,-2.153710017081688,0.2428018465460817,0.37727863600917655
0.10428292878933393,-0.3429567175125021,0.44723964630183605,-0.17381153604015048,-0.2729957072198426,0.03360039967065253,1.0431490070606513,-0.17071396632784896,0.183304117986074,0.19271635310984153
-0.08233591557394987,-0.3429567175125021,0.26062080193855225,-0.23561904067442185,-0.2729957072198426,0.009730425506946153,0.9900491428872614,1.1104153191657542,0.09864291919314915,0.0702976743017687
-0.11585212521976948,-0.3429567175125021,0.22710459229273264,-0.24232228260358574,-0.2729957072198426,0.007386358090733769,0.6516340958461222,0.30343846331941055,0.08594392410597604,0.0702976743017687
-0.04198841809565124,-0.3429567175125021,0.3009682994168509,-0.19612082477874748,-0.2047545943820227,0.014516339282056812,0.12401789412572221,-1.41801465808996,0.12048377186184375,0.15920014346402192
-0.022297439517511737,-0.2750522686837914,0.25275482916627967,-0.1319889691797494,-0.11585212521976948,0.011538668121032516,-0.42367973750903704,-1.8280424403534343,0.10741819269114761,0.16276617628637147
-0.022297439517511737,-0.2047545943820227,0.18245715486451097,-0.08341605774449729,-0.04198841809565124,0.005962804306404649,-1.2549052448844291,0.49603202645547856,0.07721919648898613,0.08366441371223868
-0.022297439517511737,-0.11585212521976948,0.09355468570225775,-0.06072482011754182,-0.04198841809565124,0.0016539617112465515,-0.6785986369737462,-2.0248916938931907,0.04066892808086477,0.05911069473971461
-0.022297439517511737,-0.17848212714177744,0.1561846876242657,-0.07325082050194341,-0.04198841809565124,0.004164776751650553,-1.4558215319387957,1.604165830356994,0.06453508155763463,0.05911069473971461
-0.022297439517511737,-0.2631075375568811,0.24081009803936937,-0.11747464439418938,-0.0912984062472454,0.010487152303751636,-0.7042891702064196,-1.1907122767955702,0.10240679813250503,0.14629441563424664
-0.032187711507530796,-0.3150795865860368,0.282891875078506,-0.1760310738078944,-0.17848212714177744,0.013698336234275613,0.061310761198023256,-1.9315085812746358,0.11703989163646561,0.1718091313096357
-0.0912984062472454,-0.3565742368605286,0.2652758306132832,-0.24090837887849395,-0.2631075375568811,0.011413235554540355,0.5555032069709372,-1.0362756994820888,0.10683274570346096,0.13659745944425936
-0.17848212714177744,-0.38153857266308816,0.20305644552131072,-0.2989564121616625,-0.3150795865860368,0.006549694717778123,0.814340804245862,-0.1352750766922206,0.0809301842193512,0.09346669930364748
-0.2631075375568811,-0.3844562466521356,0.12134870909525453,-0.3401512360637341,-0.3565742368605286,0.00262746990908633,0.9614695558548505,-0.30691880581957065,0.051258852007105365,0.06645898607705136
-0.3150795865860368,-0.40073463518715313,0.08565504860111633,-0.36767665558978857,-0.38153857266308816,0.001114063201412945,1.158192913340787,1.0430420148612722,0.03337758531429356,0.027882009791607043
-0.3565742368605286,-0.40073463518715313,0.04416039832662455,-0.38071344186138684,-0.38153857266308816,0.0002496103150836054,0.6326252444294379,2.0396078371280573,0.015799060575983796,0.004192728708107163
-0.36520272955382277,-0.40073463518715313,0.03553190563333036,-0.38243914040004573,-0.38153857266308816,0.0001603580153293387,-0.20525173046000594,1.738851805692023,0.012663254531491449,0.004192728708107163
-0.3351873317126066,-0.40073463518715313,0.06554730347454651,-0.37316889220994937,-0.38026351794402846,0.0006109167389432052,0.898356490283353,0.9802669066605342,0.024716729940329994,0.019253517098312856
-0.301625429791938,-0.40073463518715313,0.09910920539521512,-0.3566027288379099,-0.36520272955382277,0.0015156351889702422,0.5377755306879407,-0.6768032910000166,0.038931159615021,0.045076186231421844
-0.23586572859201435,-0.38026351794402846,0.1443977893520141,-0.32362894751888216,-0.3351873317126066,0.003313996888466063,0.9426003376769202,0.2920145377143548,0.057567324833329395,0.06357729976188475
-0.12397730317662316,-0.36520272955382277,0.24122542637719963,-0.2723717045654011,-0.301625429791938,0.009193191824807436,1.0605377104978084,0.5378673237032588,0.0958811338314657,0.09932160312059227
0.00033303538516937776,-0.3351873317126066,0.335520367097776,-0.19926455157760264,-0.23586572859201435,0.018949941050107336,0.7580348786100837,-0.7868567285603648,0.13765878486354344,0.17764812661531487
0.12596089067842303,-0.301625429791938,0.42758632047036105,-0.10703490709939671,-0.12397730317662316,0.030141203432136457,0.34835792049321834,-1.4103390313466189,0.17361222143655802,0.23619876397718373
0.25344372418263916,-0.23586572859201435,0.48930945277465354,0.003978923695518721,0.00033303538516937776,0.03775595816973688,0.08222133166855827,-1.2729831279095798,0.19430892457562746,0.24993819385504618
0.3274788583596486,-0.12397730317662316,0.4514561615362717,0.11664784108585131,0.12596089067842303,0.03366978961154173,-0.24102843123922962,-1.536980291982098,0.18349329582178672,0.2531106887974698
0.3274788583596486,0.00033303538516937776,0.3271458229744792,0.19852280097327088,0.25344372418263916,0.0179343998083877,-0.902283318856119,-0.564804092268505,0.13391937801672954,0.15943660558205175
0.3274788583596486,0.12596089067842303,0.20151796768122554,0.22616665488423487,0.25344372418263916,0.008058490787227018,-0.2365889254155,-2.6495103176623886,0.08976909706144436,0.14684519132048532
0.3274788583596486,-0.08234058564087712,0.4098194440005257,0.18450635962037493,0.25344372418263916,0.02717289610447428,-1.3787122763166004,1.512513655885802,0.1648420337913673,0.14684519132048532
0.3274788583596486,-0.3113567664939796,0.6388356248536282,0.07154626148505114,0.13855230493998946,0.07150488629282456,-0.717780710007614,-1.0424864723075977,0.2674039758358588,0.36773808190135193
0.2853974962604748,-0.4879677126854992,0.7733652089459739,-0.09154305272397842,-0.08234058564087712,0.10014582906864761,-0.0943969025447839,-1.7653817920972326,0.3164582580193597,0.4499090714339691
0.13855230493998946,-0.5583806462579587,0.6969329511979482,-0.2602986812276651,-0.3113567664939796,0.08351104169602941,0.5294644016110236,-1.3865327762854516,0.28898277058681093,0.4056271270446221
-0.08234058564087712,-0.5583806462579587,0.4760400606170816,-0.39270973552133526,-0.4879677126854992,0.03914377923051312,1.225974680717989,0.5262626582182518,0.19784786890566478,0.21214620003438167
-0.3113567664939796,-0.5583806462579587,0.2470238797639791,-0.467107602562964,-0.4879677126854992,0.009091985465658493,1.3608846264957721,2.104118911008284,0.09535190331429412,0.0691730456793404
-0.42227710403662155,-0.5583806462579587,0.13610354222133714,-0.4892916700714924,-0.4879677126854992,0.002914682067113056,-0.06918100404577589,-1.2585555109016286,0.0539877955385572,0.0691730456793404
-0.3742112913139957,-0.5583806462579587,0.18416935494396297,-0.4665403857971917,-0.45432992084902085,0.00557809107490268,-0.08386197218506719,-1.6444824807151324,0.07468661911549271,0.1012258624917397
-0.28460770165672594,-0.5235029665283613,0.23889526487163532,-0.4117857968769451,-0.42227710403662155,0.007996726844384277,0.3715030697595212,0.2617784627615656,0.08942441973188463,0.08011862953502513
-0.16983695131178284,-0.45432992084902085,0.284492969537238,-0.34105259383362946,-0.3742112913139957,0.013257373797273292,0.8661389816130962,-0.32682844764407193,0.11514066960580563,0.1376694023798956
-0.024119913212588058,-0.42227710403662155,0.3981571908240335,-0.25501059230634293,-0.28460770165672594,0.025906984071217855,0.6522315948710345,-0.7737033959222389,0.16095646638522434,0.20437434000221288
0.2021612251459329,-0.3742112913139957,0.5763725164599286,-0.130122926469832,-0.16983695131178284,0.051667818905152894,0.694922791439891,-0.30259762123753003,0.22730556285571388,0.2604877884441379
0.4524881130811123,-0.28460770165672594,0.7370958147378383,0.035216954409189594,-0.024119913212588058,0.08746034703237474,0.5760793627485441,-0.9183143621509812,0.2957369558110294,0.3719981764577157
0.5824091040527145,-0.16983695131178284,0.7522460553644974,0.20862031555107768,0.2021612251459329,0.09915729946419932,-0.0011411516142657257,-2.0873967980829797,0.31489252049580235,0.47660802629370036
0.5824091040527145,-0.024119913212588058,0.6065290172653026,0.3508489124757421,0.4524881130811123,0.06573355322537242,-0.88098152415327,-0.8963830947381268,0.2563855558048706,0.33914480816560666
0.5824091040527145,0.2021612251459329,0.3802478789067816,0.4390673926911123,0.4524881130811123,0.021948104657004103,-1.1905365543908155,1.5534540381716038,0.1481489272894141,0.12433354544727726
0.5824091040527145,0.31065487052770796,0.27175423352500655,0.46076612176746723,0.4524881130811123,0.01145087200944828,-0.38923911260673416,-0.6360335742820998,0.10700874735015022,0.12433354544727726
0.5824091040527145,0.20970603970014287,0.3727030643525716,0.41220970709127336,0.41697248786426233,0.024244375096650367,-0.25051609279060305,-1.8224354627978059,0.15570605350033878,0.23065116278383163
0.5413060333115396,0.16434674752978276,0.37695928578175686,0.328597235786687,0.31065487052770796,0.023622621398710984,0.48162465297060375,-1.19962368738481,0.15369652370405448,0.20726644816411946
0.41697248786426233,0.12913127107404623,0.2878412167902161,0.24616228333918833,0.20970603970014287,0.013763629301003444,0.7877561050264245,-0.7238093704008897,0.11731849513611843,0.1463081229979252
0.31065487052770796,-0.05917908853186424,0.36983395905957217,0.15093196805996303,0.16434674752978276,0.018441919967327604,-0.832834189767019,1.5998098427663017,0.13580103080362685,0.08057476862609664
0.20970603970014287,-0.15296476456383704,0.3626708042639799,0.05820804104165402,0.12913127107404623,0.024405216296882172,-0.656264675601373,-2.0030606978181686,0.1562216895852883,0.223525836061647
0.16434674752978276,-0.15296476456383704,0.3173115120936198,-0.013534215658998266,-0.05917908853186424,0.02296795250591287,0.38786297550758403,-2.942070539368012,0.15155181459129044,0.27813651487716484
0.12913127107404623,-0.15296476456383704,0.28209603563788327,-0.07034303281612614,-0.11969733825585661,0.013841143256059832,1.7316477711481508,2.9230093896257947,0.11764838824250773,0.08982615527125437
-0.05917908853186424,-0.15296476456383704,0.0937856760319728,-0.111381843648892,-0.11969733825585661,0.0017965926705315635,0.3314864600610229,-2.5856867430067765,0.04238623208698272,0.07294246071333549
0.004783045996597637,-0.15296476456383704,0.1577478105604347,-0.09858941674319963,-0.11969733825585661,0.004284323423994778,1.2150058799198722,0.8424948813718179,0.06545474332693375,0.07294246071333549
0.41497420394767637,-0.1490052438031186,0.563979447750795,0.014998376959103044,-0.07606278308978312,0.05335431833792502,1.9060667963123579,3.7308481487517233,0.2309855370752139,0.12448038425245425
0.7539466499844191,-0.11969733825585661,0.8736439882402757,0.19558875571661058,0.004783045996597637,0.14237505285919405,0.9795869197524476,-0.8365964573225023,0.3773261889389525,0.49103698703745946
0.76990869966168,-0.07606278308978312,0.845971482751463,0.3735099633001179,0.41497420394767637,0.16041462696438974,-0.15290812640041207,-2.900656904633248,0.4005179483673481,0.7491636039878214
0.76990869966168,0.004783045996597637,0.7651256536650823,0.536010803278775,0.7364414168035026,0.10980736963355815,-1.3797042230090364,0.9897014422626297,0.3313719505835673,0.3389724460367427
0.76990869966168,0.41497420394767637,0.3549344957140036,0.6334453625206726,0.7364414168035026,0.027874980337245392,-0.7051775649528543,-2.6122964002031424,0.16695801968532506,0.26199080777833383
0.76990869966168,0.24682608527094263,0.5230826143907373,0.5998157387853258,0.7364414168035026,0.051897495449738325,-1.2019501825178422,0.0804433208503094,0.22781021805384044,0.26199080777833383
0.76990869966168,-0.079855987837865,0.8497646874995449,0.43305521122086904,0.49195584220608524,0.12668548305374053,-0.6934343950195944,-0.8522766525916646,0.3559290421611315,0.48961533153256
0.7364414168035026,-0.3059049696781726,1.0423463864816753,0.21789247735289846,0.24682608527094263,0.1769646995667175,-0.056329637182559705,-1.5704509666442543,0.42067172423009075,0.5718118300439502
0.49195584220608524,-0.5159450715364083,1.0079009137424935,-0.032584820315083696,-0.079855987837865,0.16594724014652945,0.201443136101421,-1.5558100188049397,0.4073662236201345,0.5527310549491152
0.24682608527094263,-0.7179524935779636,0.9647785788489063,-0.2745664874718935,-0.3059049696781726,0.1413998163254506,0.3750683431986046,-0.6612917069604727,0.3760316693118421,0.4360890836985433
-0.079855987837865,-0.9175394725288687,0.8376834846910037,-0.5074395990318556,-0.5159450715364083,0.10900346986634891,0.09330254055189516,-1.1276260628833867,0.33015673530362655,0.41204752389979105
-0.3059049696781726,-0.9913393968458408,0.6854344271676682,-0.6897362808334508,-0.7179524935779636,0.08029618706218986,0.41236495274341967,-1.4886327885614083,0.2833658184435622,0.40159440099246035
-0.5159450715364083,-0.9913393968458408,0.4753943253094325,-0.8098769512544818,-0.9066083217833267,0.0371807128813179,1.048623070597724,-0.004997814849140525,0.1928230092113436,0.19958697895090505
-0.7179524935779636,-0.9913393968458408,0.2733869032678772,-0.8786846165290993,-0.9066083217833267,0.010291270901086292,1.0571765464129075,1.8138651689612004,0.10144590135183526,0.05755607461937229
-0.808021098641226,-0.9913393968458408,0.18331829820461487,-0.8966983375417519,-0.9066083217833267,0.004675282573161946,-0.1445477677060101,0.239388633892073,0.06837603800427418,0.05755607461937229
-0.7368041734658063,-0.9913393968458408,0.25453522338003454,-0.8605512777291393,-0.8599833979094964,0.009324967856289654,-0.1364854553627671,-0.24869566766968987,0.09656587314517305,0.09858722314210078
-0.6137444543877906,-0.9066083217833267,0.29286386739553616,-0.7850322892375292,-0.808021098641226,0.013148089814235334,0.803552111312002,0.07333917990317573,0.11466512030358375,0.12317922444369012
-0.5493447537147492,-0.8599833979094964,0.3106386441947472,-0.7135795756238138,-0.7368041734658063,0.016958197638586796,0.27020057506840217,-2.0618714895468897,0.1302236446985984,0.19427664425343538
-0.5493447537147492,-0.808021098641226,0.25867634492647673,-0.6516456825083882,-0.6137444543877906,0.013468836517923338,-0.6066611205058345,-2.021968240768588,0.1160553166292839,0.18649024113343782
-0.5351662211924718,-0.7368041734658063,0.20163795227333448,-0.5970747070186373,-0.5503139323323685,0.0070248958449764054,-1.6166649747386026,2.2822611369411554,0.08381465173211904,0.06439970067304135
-0.5226762849881671,-0.6137444543877906,0.09106816939962348,-0.5542491293231094,-0.5493447537147492,0.0012350585655350169,-1.6510892088215772,3.1911883997160637,0.035143400028099396,0.015147711139896658
-0.48789130582143975,-0.5503139323323685,0.062422626510928725,-0.5290784996098393,-0.5351662211924718,0.0006590245741634098,1.2808343159589293,1.3619530321399804,0.02567147393827261,0.02666846872658213
-0.45541535225555213,-0.5503139323323685,0.09489858007681634,-0.510292619318,-0.5226762849881671,0.001471772506912863,0.7018981985541913,-0.906188969160547,0.03836368734771024,0.04727491537103207
-0.45541535225555213,-0.5351662211924718,0.07975086893691968,-0.4921023774260983,-0.48789130582143975,0.0013062035959350777,-0.21089943367476996,-2.671000354236446,0.036141438764043105,0.06331356211530648
-0.45294792425377994,-0.5226762849881671,0.06972836073438715,-0.47565871803836,-0.4593627228728606,0.0008878553191822439,-1.2825540293329312,0.5848380816681479,0.02979690116744095,0.032475953565887616
-0.4372147519533134,-0.48789130582143975,0.05067655386812636,-0.4585664114313892,-0.45541535225555213,0.00033949336936597613,-1.0175201485456533,2.2863334882991793,0.0184253458411498,0.006414798619080675
-0.4372147519533134,-0.4593627228728606,0.022147970919547233,-0.45188258752362637,-0.45447218628262537,7.285480397376577e-05,1.79203856999414,3.68563274751529,0.00853550256128869,0.0024674280017721872
-0.4372147519533134,-0.5481625727601309,0.11094782080681753,-0.4704320316245421,-0.45447218628262537,0.0019570912410301735,-2.03200254093913,4.367813049810529,0.044239023961093145,0.006414798619080675
-0.4372147519533134,-0.5707938143188506,0.13357906236553718,-0.4927182499137401,-0.45447218628262537,0.0038237362913228984,-0.6282927578132742,-2.8070834538692497,0.06183636706116311,0.09521464850635097
-0.4372147519533134,-0.5707938143188506,0.13357906236553718,-0.5101091717572304,-0.5399025334712311,0.003606850541048576,0.4895856195769243,-2.7861818864170247,0.06005706070936686,0.09369038647750555
-0.45447218628262537,-0.5826403194339654,0.12816813315134007,-0.5391942852533607,-0.5481625727601309,0.002536213493383847,1.6110012239650104,2.8994878414488903,0.05036083292980614,0.030891280847619496
-0.5399025334712311,-0.6302061518160609,0.0903036183448298,-0.5743410783600478,-0.5707938143188506,0.001268423611583532,-1.0707621912650682,1.0288813066762685,0.03561493523205583,0.03447774667383452
-0.5399025334712311,-0.6302061518160609,0.0903036183448298,-0.5878632577870155,-0.5826403194339654,0.001297694169229219,0.1584552477968944,-1.172491073156742,0.03602352244338717,0.04497965557611827
-0.5399025334712311,-0.6302061518160609,0.0903036183448298,-0.5933954272515901,-0.598454661641724,0.001214641029323435,0.9163403298318638,0.717440669105148,0.03485170052269236,0.0331331504610034
-0.5450267460781342,-0.6302061518160609,0.0851794057379267,-0.5944202697729708,-0.598454661641724,0.0010828380599470643,0.7777415477873024,0.33625896528604454,0.03290650482726879,0.0331331504610034
-0.5048512505119335,-0.6302061518160609,0.1253549013041274,-0.5788624559885645,-0.598454661641724,0.002751241593107843,0.7246757188178663,-1.3500728077325188,0.05245227919840894,0.07074672381683467
-0.4634287264724647,-0.6157734698949688,0.15234474342250415,-0.5455069709198451,-0.5450267460781342,0.004032698815088189,0.20301766060336743,-1.823724541087665,0.06350353387873929,0.09360341112979054
-0.36852107403354795,-0.598454661641724,0.22993358760817606,-0.496056491747561,-0.5048512505119335,0.007572668156733875,0.580020376149529,0.3135151464802253,0.08702107880699868,0.08159801960566948
-0.2669813495727919,-0.5450267460781342,0.27804539650534227,-0.4297618293337745,-0.4634287264724647,0.01257644921721546,0.7533405155956495,-0.6835534166301969,0.11214476901405371,0.13633017647838552
-0.18075350105854096,-0.5048512505119335,0.32409774945339254,-0.35690718032985586,-0.36852107403354795,0.018121485994945556,0.29803611026653376,-1.7722666063015045,0.13461606885860825,0.1964473768996728
-0.07362883877720262,-0.4634287264724647,0.3897998876952621,-0.2706626979829097,-0.2669813495727919,0.023413640298524906,0.03211095228539445,-1.0568110744168575,0.15301516362284134,0.18776757297500699
0.08423749266266886,-0.36852107403354795,0.45275856669621684,-0.161129454155883,-0.18075350105854096,0.030615576814593926,0.4144552331441251,-0.45327653291035236,0.1749730745417532,0.1933525107955893
0.3401257130630715,-0.2669813495727919,0.6071070626358634,-0.019400096736559114,-0.07362883877720262,0.057567928038530364,0.8461224071025144,0.02146222575059416,0.23993317411006415,0.2649909937212098
0.7771814283597968,-0.18075350105854096,0.9579349294183377,0.1894324588499586,0.08423749266266886,0.146365545039754,1.0146643618193818,0.37546210758043114,0.3825775020041743,0.4137545518402741
1.4908132186280056,-0.07362883877720262,1.5644420574052083,0.5237458027872679,0.3401257130630715,0.39579733937334816,1.0314882696507002,0.33482984644470665,0.6291242638567902,0.6929439356971279
2.2813590454122004,0.08423749266266886,2.1971215527495316,0.9947433796251485,0.7771814283597968,0.8015859047059649,0.7003371668157234,-0.8526045698176054,0.8953132997481748,1.1506875055649342
2.683898216351656,0.3401257130630715,2.3437725032885846,1.514675524362946,1.4908132186280056,0.9697298838522113,0.012032613363468354,-2.133389276589457,0.9847486399341769,1.5041776170524037
2.683898216351656,0.7771814283597968,1.9067167879918592,1.931490774312514,2.2813590454122004,0.6144789638668764,-0.8954943529613753,-0.6920681341324683,0.7838870861717754,0.9333887441829058
2.683898216351656,1.4908132186280056,1.1930849977236502,2.116525806121165,2.2813590454122004,0.2516996124855576,-0.3292150396731796,-2.158965977994793,0.5016967335807136,0.7218453754078591
2.683898216351656,0.9572458205075988,1.7266523958440572,2.0098123264970837,2.2813590454122004,0.4755683647929105,-1.0134872216606634,0.16751345753654454,0.6896146494912289,0.7218453754078591
2.683898216351656,0.4006653792145788,2.283232837137077,1.6336735932575592,1.7023565874030524,0.927622000837879,-0.24779978155511406,-2.0036420642928143,0.9631313518092323,1.4669561423033128
2.4242019628109115,-0.1757511527589674,2.5999531155698787,1.0617437194354347,0.9572458205075988,1.0615038132611005,0.23121084209368253,-1.17695455471317,1.0302930715389191,1.3016912081884735
1.7023565874030524,-0.9815981361187535,2.683954723521806,0.3805836996495017,0.4006653792145788,1.0612684659970975,-0.07574715211677333,-0.5621945128889164,1.0301788514608021,1.1329969732665661
0.9572458205075988,-1.8110707489843043,2.768316569491903,-0.3221017676279696,-0.1757511527589674,1.2081262974473999,-0.3493196141650771,-1.100169988883625,1.0991479870551553,1.3822635153333322
0.4006653792145788,-2.3511053466374463,2.751770725852025,-0.9837720010569786,-0.9815981361187535,1.280898243281145,0.01680562902183625,-1.8564889878006856,1.131767751476046,1.6353195962253368
-0.1757511527589674,-2.3511053466374463,2.175354193878479,-1.494802699112356,-1.8110707489843043,0.817935112920648,0.8356406740904327,-0.8371442700827719,0.90439765198758,1.172889974943554
-0.9815981361187535,-2.3511053466374463,1.3695072105186927,-1.701937708535004,-1.8110707489843043,0.349405287356082,0.2506430376707496,-2.401251784557181,0.5911051406950222,0.9430619111900993
0.24202952806622785,-2.3511053466374463,2.593134874703674,-1.4572121756980079,-1.8110707489843043,1.0895719336756926,1.4008390372817319,1.71998218736692,1.0438256241708634,0.9430619111900993
1.9478003917285265,-2.3511053466374463,4.298905738365972,-0.7054379475554415,-1.2114261998722082,3.250339994662608,0.8461017892259093,-0.6439289462431349,1.8028699328189508,2.396517639128535
2.4048376764004513,-2.1544881110623075,4.559325787462759,0.2457506570521379,0.24202952806622785,3.8607886098866855,-0.10581571809282339,-2.3123242522884873,1.964888956121105,3.159226591600735
2.4048376764004513,-1.2114261998722082,3.6162638762726598,1.0683715783024694,1.9478003917285265,2.3080979436627387,-1.0267235641544779,-0.515789578774181,1.5192425559017029,1.7165869671231218
2.4048376764004513,0.24202952806622785,2.1628081483342236,1.4967285071010068,1.9478003917285265,0.7841282995597281,-0.73072233811797,-1.1931316626824433,0.8855101916746797,1.0282580510688701
2.4048376764004513,0.578632124997917,1.8262055514025342,1.5640490264873448,1.9478003917285265,0.5956210938566364,-0.4523414322674551,-2.1868026076137936,0.7717649213696075,1.0282580510688701
2.4048376764004513,0.578632124997917,1.8262055514025342,1.3210067862811647,0.9303584441204795,0.6577992677528373,0.6715771220677259,-2.245214896511366,0.8110482524195692,1.2260273044917223
1.9586164951893497,0.578632124997917,1.3799843701914325,0.9652639375786025,0.7325891906976274,0.32665141886073695,1.9433673534271216,3.8576605065605754,0.5715342674422391,0.3042350112328399
0.9303584441204795,0.2569245869914515,0.673433857129028,0.6249255559390229,0.6261234328876396,0.06061248430903114,-0.5638571402372218,1.2483088588015552,0.246196028215386,0.15395706569971035
0.7325891906976274,-0.12768038997791448,0.8602695806755418,0.41331778911934414,0.578632124997917,0.1229217907476827,-1.1163316476813456,0.2270913611264677,0.35060204042144805,0.3691988458961881
0.7325891906976274,-0.36612145285336073,1.0987106435509881,0.22436707354908852,0.2569245869914515,0.2233430001745464,-0.21068841941850558,-2.2438458585947303,0.47259179021069164,0.7538038228655541
0.6261234328876396,-0.5547142038089028,1.1808376366965425,-0.03309360535221748,-0.12768038997791448,0.22765497779184932,0.5031208593381975,-1.1904042455034929,0.4771320339191756,0.6230460398448122
0.2569245869914515,-0.6724592432739386,0.9293838302653901,-0.29281014058453314,-0.36612145285336073,0.13689445831283167,0.8025512677986507,-0.15706860197963834,0.3699925111577688,0.4270338138309883
-0.12768038997791448,-0.8399292677014643,0.7122488777235498,-0.5121809115231163,-0.5547142038089028,0.07602280652363448,0.4086917372134959,-0.535208451932565,0.2757223359171949,0.30633779042057785
-0.36612145285336073,-0.9373466130447888,0.5712251601914281,-0.6741141561364911,-0.6724592432739386,0.051476142555336946,0.28967342616389125,-1.0377525835153112,0.22688354403820685,0.28521506389256146
-0.5547142038089028,-1.007865186825173,0.4531509830162701,-0.8024629029308535,-0.8399292677014643,0.03501695285325979,0.3962322529690614,-1.714195256152762,0.18712817225971026,0.26488736977085026
-0.6724592432739386,-1.0556214793065335,0.3831622360325949,-0.9026443580303797,-0.9373466130447888,0.02314900963992258,0.9057593830764089,0.15154987021763114,0.15214798598707305,0.16793591912370864
-0.8399292677014643,-1.0556214793065335,0.21569221160506924,-0.9620269693561854,-0.9693722999029668,0.006607999272861941,0.7125857092328255,0.6958820653942581,0.08128960125909059,0.07051857378038406
-0.754390752412052,-1.0556214793065335,0.3012307268944815,-0.9449192662983028,-0.9693722999029668,0.01329339485234253,1.4397776189389968,2.4972746817220774,0.11529698544343009,0.07051857378038406
-0.5245137709029376,-1.0556214793065335,0.5311077084035959,-0.8623526978699326,-0.9693722999029668,0.04894270594512755,1.088721354077101,-0.10074370755454491,0.22122998428135268,0.2534744344131209
-0.3146419593427428,-1.0556214793065335,0.7409795199637907,-0.7237080523734466,-0.754390752412052,0.09461807595308208,0.356961535809871,-1.6673033154828758,0.307600513577403,0.4448585290000292
-0.14937238863244487,-0.9693722999029668,0.819999911270522,-0.5424582342386288,-0.5245137709029376,0.10847743815228893,-0.1721194661922679,-1.4348469949349874,0.32935913248654414,0.4397487930693092
-0.11349645101638145,-0.754390752412052,0.6408943013956705,-0.3712830644613118,-0.3146419593427428,0.07228941271771085,-0.6771416355517242,-1.0764625296489274,0.2688669052109442,0.37514138227049276
-0.11349645101638145,-0.5245137709029376,0.41101731988655615,-0.25622552174666935,-0.17910303883883938,0.028282030468618966,-1.3074002333033234,1.0222137098693338,0.1681726210434355,0.16526957071029794
-0.11349645101638145,-0.3146419593427428,0.20114550832636136,-0.20909461009422237,-0.17910303883883938,0.007776970213638268,-0.3460857634497102,-2.592597026642031,0.08818713179165238,0.139486824008258
-0.11349645101638145,-0.43843873611680667,0.3249422851004252,-0.23385396544903517,-0.17910303883883938,0.017375309418574424,-1.1313363401225174,0.4081931068774374,0.13181543695096726,0.139486824008258
-0.11349645101638145,-0.5295635987475708,0.4160671477311893,-0.3098922074720603,-0.28885921264070286,0.03022480420716865,-0.23016757739587845,-2.003820945127457,0.17385282340867705,0.2593356972779673
-0.17910303883883938,-0.5577204523380946,0.37861741349925526,-0.3987370077364029,-0.43843873611680667,0.02606994248955037,0.554459660335748,-1.7337215964401669,0.16146189175638434,0.2407043861068679
-0.28885921264070286,-0.5577204523380946,0.2688612396973918,-0.4726832774997175,-0.5295635987475708,0.012807414765878303,1.4405974173469405,1.446558227711569,0.11316984919084369,0.11039565153860559
-0.43843873611680667,-0.5577204523380946,0.11928171622128797,-0.5112783470801832,-0.5295635987475708,0.0025185553109890587,0.8331406669018094,-0.9738201403739654,0.050185210082145305,0.06699982711238095
-0.3969969234789508,-0.5577204523380946,0.16072352885914382,-0.502989984552612,-0.5295635987475708,0.00437134283301055,1.3280574900707225,1.1780055494718813,0.06611613141292033,0.06699982711238095
-0.3399112611415499,-0.5577204523380946,0.21780919119654474,-0.46505951703140785,-0.4818345605430313,0.009045070639538855,0.4296883271235324,-2.044120973468113,0.09510557627993668,0.15183746417646143
-0.3144656555498819,-0.5488343876554123,0.2343687321055304,-0.41640855767376533,-0.3969969234789508,0.009609541377516767,-0.4812279432591594,-1.661658953404494,0.09802826825725713,0.1419232994014814
-0.3144656555498819,-0.4818345605430313,0.16736890499314944,-0.3695717191263042,-0.3399112611415499,0.005071970557211524,-1.2416139854189145,0.6732081109340804,0.07121776854979046,0.08234672856084418
-0.3144656555498819,-0.3969969234789508,0.08253126792906895,-0.3445551315972118,-0.3399112611415499,0.001180035818799738,-0.9451437737053789,0.2634310825068103,0.0343516494334659,0.042101427979462536
-0.3144656555498819,-0.43697034965891984,0.12250469410903797,-0.3525498168332056,-0.3399112611415499,0.0025477498271778403,-1.5877290820761523,2.5885253355493263,0.050475239743639065,0.042101427979462536
-0.3144656555498819,-0.5398598929443263,0.22539423739444447,-0.39253954319376083,-0.3567516228975692,0.009280109939883513,-1.0676800137874203,-0.00928649051655365,0.09633332725429716,0.1223201547408132
-0.31465019491810664,-0.6369985548330238,0.32234835991491717,-0.45704612305038933,-0.43697034965891984,0.017494905493838257,-0.4485457259832978,-1.432214314232785,0.13226830872827494,0.18310827004675717
-0.3567516228975692,-0.7326550841157553,0.37590346121818613,-0.540647100889919,-0.5398598929443263,0.022679425891900588,-0.07807134870521228,-1.427391308873035,0.15059689867955645,0.20002820517410397
-0.43697034965891984,-0.7615149974213502,0.32454464776243036,-0.6215997757946752,-0.6369985548330238,0.01822902664715289,0.46174203715053913,-1.4470184743918881,0.13501491268431384,0.19279519117142896
-0.5398598929443263,-0.7615149974213502,0.22165510447702386,-0.6744263512263297,-0.701103226817192,0.007798911239675511,0.9753689300511587,0.2080958982653911,0.08831144455661175,0.0956565292827315
-0.5228521138049381,-0.7615149974213502,0.23866288361641208,-0.671024795398452,-0.701103226817192,0.009001102450941347,1.1174589990398032,0.7272672639948811,0.09487414005376464,0.0956565292827315
-0.33221750226734703,-0.7615149974213502,0.4292974951540032,-0.6100685848853167,-0.701103226817192,0.032764677158741616,1.127157285146934,-0.03737508966133637,0.18101015761205672,0.20980297031081718
-0.19564366571112074,-0.7615149974213502,0.5658713317102295,-0.5026663012043897,-0.5228521138049381,0.057525754943634565,0.26355408569305006,-2.043278919059906,0.2398452729232631,0.3688857245498449
-0.02124140934348584,-0.701103226817192,0.6798618174737061,-0.35461158358881684,-0.33221750226734703,0.07131732542586605,-0.11557387129641504,-1.0682683760098588,0.2670530386006983,0.3272084480938174
0.3014379010538351,-0.5228521138049381,0.8242900148587733,-0.15410335801461142,-0.19564366571112074,0.09864900664041737,0.5515610964101778,0.07599633033899522,0.31408439413701755,0.3109760929238612
0.7935430901917502,-0.33221750226734703,1.1257605924590972,0.10917568278472625,-0.02124140934348584,0.20251872646044713,0.9651162744777478,0.1559887308050835,0.45002080669725386,0.49708156676495585
1.1365308533974883,-0.19564366571112074,1.332174519108609,0.4029253539176933,0.3014379010538351,0.30981531554062935,0.3928572435235137,-1.83031656639911,0.5566105600333409,0.814784499535236
1.1365308533974883,-0.02124140934348584,1.1577722627409741,0.6515714457686427,0.7935430901917502,0.2468600919199853,-0.5723069621105515,-1.841076524467238,0.4968501704940689,0.7461488924897908
1.1365308533974883,0.3014379010538351,0.8350929523436532,0.7908672438504141,0.7935430901917502,0.10957667970487515,-0.6957098563959232,-0.06940647301847609,0.3310236845074309,0.37234921247825414
1.1365308533974883,0.3385455462421429,0.7979853071553453,0.7982887728880756,0.7935430901917502,0.10077128997253831,-0.5841157647059984,-0.3859528834593687,0.3174449400644753,0.37234921247825414
1.1365308533974883,0.21327083620329607,0.9232600171941923,0.6822343220903848,0.6752375810653717,0.16949136171976226,-0.00720659867156334,-2.659568032072857,0.41169328597848454,0.7090412473014829
1.0475867935436258,0.09422450251232528,0.9533622910313005,0.4737730519133523,0.3385455462421429,0.1500137876556247,0.8769281413351498,-0.4595529789377686,0.38731613399860415,0.4619667448620756
0.6752375810653717,-0.30070076982256444,0.9759383508879361,0.20411553924011422,0.21327083620329607,0.1267566925968541,-0.21212976926056476,0.9218736262935217,0.3560290614498402,0.2443210437298176
0.3385455462421429,-0.9628297778755239,1.3013753241176669,-0.12349793254806492,0.09422450251232528,0.2775448076866044,-1.281484406420476,1.054137577650523,0.5268252154999838,0.5139716060258606
0.21327083620329607,-1.7598263601376778,1.9730971963409738,-0.543172313824029,-0.30070076982256444,0.6734082114737359,-0.8812750034177698,-0.5076880522016841,0.8206145328189941,1.0570542803878493
0.09422450251232528,-1.7598263601376778,1.854050862650003,-0.7455376092041324,-0.7985556406972208,0.49547217161128015,-0.4464192363978317,0.13208077972474896,0.7038978417435873,0.6621290080529595
0.7234972345056772,-1.7598263601376778,2.483323594643355,-0.619683062805462,-0.7985556406972208,0.838888704989516,0.5029754784233107,0.8278141844994925,0.9159086772105153,0.6621290080529595
2.1777854297668826,-1.7598263601376778,3.9376117899045604,-0.12398582288757262,-0.7985556406972208,2.4627640788363374,0.8117071341989585,-0.48803580859762974,1.5693196229055244,1.686327012381201
3.5756565653874897,-1.7598263601376778,5.3354829255251675,0.7837114457650302,0.7234972345056772,4.678794819512536,0.16695645583649282,-1.5669279260562898,2.163052199904694,2.9763410704641036
3.5756565653874897,-0.7985556406972208,4.37421220608471,1.8445537337912126,2.1777854297668826,3.5599954555983504,-0.6040396004940354,-1.3202046924761486,1.8867950221469079,2.820887845487557
3.5756565653874897,0.7234972345056772,2.8521593308818125,2.655616381356798,3.2567575971307057,1.489790329283815,-1.288635917407929,0.7065145631269409,1.2205696740800236,1.3665996502263518
3.5756565653874897,2.1777854297668826,1.397871135620607,3.007426111381225,3.2567575971307057,0.4092949714113171,-0.5757986639520338,-2.47153740310774,0.6397616520324715,1.0618391953654212
3.5756565653874897,1.4553731273605441,2.1202834380269455,2.8629436508999575,3.2567575971307057,0.8133421958324134,-1.195302798478,0.3972903511929336,0.9018548640620693,1.0618391953654212
3.5443850799932344,0.7684625462289044,2.77592253376433,2.30150484706824,2.4825458846278132,1.3890481326091189,-0.35917442822101203,-2.0034238637730453,1.178578861429781,1.8013844697701615
3.2567575971307057,0.3996164577431121,2.8571411393875934,1.6725511226182157,1.4553731273605441,1.4126766912481847,0.42074584176548835,-1.7207317019750998,1.188560764642761,1.714083338398909
2.4825458846278132,-0.04888141562934249,2.531427300257156,1.0114233200662062,0.7684625462289044,0.9797191845766602,0.788840004772395,-0.01680504203923879,0.9898076502920454,1.055756669617432
1.4553731273605441,-0.49523583082152267,1.950608958182067,0.41586697697633906,0.3996164577431121,0.5628150365812957,0.30630901511738445,-0.42793494164303897,0.7502099949889336,0.8173439618582469
0.7684625462289044,-0.7618839980577053,1.5303465442866098,-0.027584448107310887,-0.04888141562934249,0.39363465919716034,0.14205109816136635,-1.7605649495437572,0.6274031074175201,0.8948522885646348
0.3996164577431121,-0.9771775272711237,1.3767939850142359,-0.3767124628073165,-0.49523583082152267,0.3082807455877245,0.5545406078408657,-1.068607849328026,0.5552303536260644,0.7130025824283629
-0.04888141562934249,-1.0472688967175414,0.998387481088199,-0.6660895336994472,-0.7618839980577053,0.16534671868393988,0.952763096338174,0.071325300351468,0.40662847746307673,0.48194169644960105
-0.49523583082152267,-1.1022377399140029,0.6070019090924802,-0.8767607985563792,-0.9771775272711237,0.062188590581549574,1.064433765801171,0.046012385669286004,0.24937640341770426,0.2853848986598361
-0.7618839980577053,-1.1837144504137007,0.42183045235599537,-1.014456522474815,-1.0472688967175414,0.02565326094563805,1.0752827042978452,1.4073777442286872,0.1601663539749783,0.12506021264287914
-0.9771775272711237,-1.2040773490831687,0.22689982181204493,-1.1028951926799075,-1.1022377399140029,0.008917307409382874,0.29456314099096764,-1.6045064903652826,0.09443149585484112,0.1364455536961593
-1.0472688967175414,-1.2040773490831687,0.15680845236562724,-1.1372609729318335,-1.149006428530753,0.00402137751294274,0.6071709149479905,-0.9120340158919404,0.06341433207834599,0.08147671049969785
-1.0503472268531293,-1.2040773490831687,0.15373012223003935,-1.137876638958951,-1.149006428530753,0.003884760076140184,0.5645209256937718,-1.0467798963986528,0.06232784350625476,0.08147671049969785
-0.9539162235531465,-1.2040773490831687,0.2501611255300221,-1.1082123356867797,-1.149006428530753,0.010927622293145941,0.9074441980099958,-0.6963256218964489,0.1045352681784762,0.1333672235605714
-0.8932390635119576,-1.2040773490831687,0.31083828557121107,-1.050117258306431,-1.0503472268531293,0.01683705937868816,0.025695206725874827,-2.052477201438767,0.1297576948727441,0.19509020497760654
-0.8932390635119576,-1.149006428530753,0.2557673650187955,-0.9935492935552801,-0.9539162235531465,0.011063710088769082,-0.8916903790817586,-0.5911977839227175,0.10518417223503297,0.1291097015257161
-0.8932390635119576,-1.0503472268531293,0.15710816334117172,-0.9658972868444273,-0.9539162235531465,0.0041401231154749255,-0.3411630538235633,-1.6716761324214222,0.06434378847623852,0.08950886964907623
-0.8932390635119576,-1.1390159323353426,0.245776868823385,-0.98363102794087,-0.9539162235531465,0.00945658441116436,-1.2523144912186792,1.3119411846387432,0.09724497113560351,0.08950886964907623
-0.8932390635119576,-1.2175780827552383,0.3243390192432807,-1.0363633997812882,-1.0107463949764894,0.019442769325398408,-0.39315127838796765,-2.0970910128415525,0.13943733117568768,0.2177784070079294
-0.9212375253274132,-1.2488680098665734,0.3276304845391602,-1.1074891890522114,-1.1390159323353426,0.01928758036987452,0.49387402549508075,-1.8228976353983448,0.13887973347423488,0.20683168777874883
-1.0107463949764894,-1.2837257958548693,0.2729794008783799,-1.1799868431577027,-1.2175780827552383,0.011810107890640211,1.110240271652146,0.6350555897466883,0.10867432029067498,0.10985207753123083
-1.1390159323353426,-1.3161072068644808,0.1770912745291382,-1.241059005535301,-1.2488680098665734,0.004619452647567613,0.7626316664182098,0.42164992194524586,0.06796655536046838,0.06614771309963108
-1.2175780827552383,-1.3791091464114649,0.1615310636562266,-1.2890776483505255,-1.2837257958548693,0.003898478227256764,-0.545763344650586,-0.18777004677215814,0.062437794862220786,0.06723919699790737
-1.2488680098665734,-1.3791091464114649,0.13024113654489144,-1.3076019934184762,-1.3101998080949921,0.00230302846500017,-0.5656627642644834,1.04424786750925,0.04798987877667717,0.03238141100961145
-1.157455570464879,-1.3791091464114649,0.22165357594658586,-1.2893195055381372,-1.3101998080949921,0.006658783636603042,1.1815334427473287,2.375948377599928,0.08160137031081673,0.03238141100961145
-1.0153652059273977,-1.3791091464114649,0.3637439404840672,-1.235647387552643,-1.3101998080949921,0.021812830497089458,0.9414672919838405,-0.4117912498032368,0.14769167375681494,0.15865163639960178
-0.8852389461221185,-1.3791091464114649,0.49387020028934636,-1.1494737354041704,-1.157455570464879,0.04160853091685077,0.22578028326311841,-1.757220257346603,0.20398169260218124,0.2948346021675945
-0.764163548044998,-1.3101998080949921,0.5460362600499942,-1.0264846157308771,-1.0153652059273977,0.046633506092903745,-0.17434966336842384,-1.156049779486774,0.2159479244931605,0.2722166243427605
-0.6174656869758681,-1.157455570464879,0.5399898834890109,-0.8879377915070524,-0.8852389461221185,0.044340021390191185,0.0015984542073878073,-0.9257507136354389,0.21057070401694342,0.2512016578823997
-0.43945683620913617,-1.0153652059273977,0.5759083697182614,-0.7443380446559037,-0.764163548044998,0.05068774579319124,0.2799766718965647,-0.8532972702582136,0.22513939191796545,0.2677732591462504
-0.20696645124446872,-0.8852389461221185,0.6782724948776497,-0.582658293719318,-0.6174656869758681,0.07184044527921037,0.4812247936795595,-0.779722946778063,0.2680306797350079,0.3247067118358618
0.08178921937340526,-0.764163548044998,0.8459527674184032,-0.38925266062021324,-0.43945683620913617,0.112567133247778,0.5059817189929048,-0.817418733094461,0.33551025803658824,0.4104992357313994
0.36878435710994256,-0.6174656869758681,0.9862500440858106,-0.16266307958922516,-0.20696645124446872,0.15690407214292623,0.33078147638762445,-1.2978339335252425,0.39611118659150013,0.5212460555825414
0.5886698999095706,-0.43945683620913617,1.0281267361187068,0.07856403778786263,0.08178921937340526,0.17357987804456376,-0.029435694399829487,-1.633471919130424,0.4166291853009865,0.5757508083544113
0.6905880857440856,-0.20696645124446872,0.8975545369885543,0.30457302217850696,0.36878435710994256,0.1362867541079767,-0.5316675508450592,-1.2923654644164628,0.3691703591947445,0.5068806805361654
0.6905880857440856,0.08178921937340526,0.6087988663706804,0.4733336703400246,0.5886698999095706,0.06286820320979701,-1.1897320095512482,0.4574784978261519,0.25073532501384205,0.26805243245317717
0.6905880857440856,0.048767229256318774,0.6418208564877668,0.4667292723166073,0.5886698999095706,0.0695510820711655,-1.2721134873856854,0.8320863447010277,0.26372539140394785,0.26805243245317717
0.6905880857440856,0.028211948268912223,0.6623761374751733,0.3986147905484013,0.5886698999095706,0.10942766305675422,-0.5566915576090765,-3.240264569511224,0.330798523359392,0.5880695603068009
0.9593433765522233,0.028211948268912223,0.9311314282833111,0.4727494858769319,0.6368367895631197,0.1721316223843264,-0.19892052218156653,-2.4985329231494533,0.41488748159510236,0.6418208564877668
1.1651029125971213,0.028211948268912223,1.136890964328209,0.5676524512475389,0.6368367895631197,0.26884830931393455,-0.06873963971700375,-2.6709887874816136,0.5185058430856248,0.9105761472959045
1.1651029125971213,0.028211948268912223,1.136890964328209,0.6244229047877472,0.9206890572641612,0.294781796949876,-0.4713721141527482,-3.081553483948684,0.5429381152119236,0.9105761472959045
1.1651029125971213,0.028211948268912223,1.136890964328209,0.7648734717532449,0.9206890572641612,0.19128569074128515,-1.616238350580189,3.0059975674380865,0.43736219628733936,0.20832331246841596
1.1651029125971213,0.7031383035335727,0.46196460906354864,0.8998587428061772,0.9206890572641612,0.03379466919295619,0.5345699380825693,-0.3923644805064323,0.18383326465293542,0.20832331246841596
1.1651029125971213,0.5930566335049461,0.5720462790921752,0.8266013941967216,0.7510200640838074,0.04973364844129308,0.9229427599250702,0.3121402666264406,0.2230104222705591,0.21755075373058852
0.9206890572641612,0.46319062606307687,0.4574984312010843,0.6862189368899128,0.7031383035335727,0.029470632650948313,0.10417216844789261,0.04482295921855813,0.17167012742742493,0.1579634305788613
0.7510200640838074,0.36448111092264857,0.3865389531611588,0.5749773476216102,0.5930566335049461,0.026137016499733202,-0.31129968817990644,-1.8706994279523173,0.16166946681341285,0.23994767747049578
0.7031383035335727,0.17746288817366665,0.525675415359906,0.4602659124395821,0.46319062606307687,0.04144530166053299,-0.337225614613733,-0.5256823807995245,0.20358119181430537,0.22857552258229752
0.5930566335049461,0.03460014291400684,0.5584564905909393,0.3265582803156689,0.36448111092264857,0.04964922529782567,-0.2511535531495468,-1.3294630630484292,0.2228210611630455,0.2857277378894102
0.46319062606307687,0.03460014291400684,0.42859048314907,0.2566299849309897,0.2434151565815499,0.027509618871484735,-0.12565958045002737,-0.6905213016806945,0.16586023897090205,0.18701822274898192
0.7791394721320026,0.03460014291400684,0.7445393292179958,0.3198197541447748,0.2434151565815499,0.08010565164241194,1.2949057726983924,2.047056423714307,0.28302941833387557,0.18701822274898192
1.7021654653125018,0.03460014291400684,1.667565322398495,0.5873566250227455,0.2434151565815499,0.46785693714208343,1.4505771799267946,1.602296876845557,0.6840006850450395,0.601676583958336
2.8613849175079245,0.03460014291400684,2.8267847745939174,1.124141030889597,0.7791394721320026,1.3584830140435353,0.8995967600470882,-0.3833326525491749,1.1655397951350848,1.458750308730952
3.2462063061225357,0.2434151565815499,3.0027911495409856,1.7664622635313028,1.7021654653125018,1.6717777281102861,0.011002797633464208,-2.381194378117948,1.2929724390373858,2.082245445375922
3.2462063061225357,0.7791394721320026,2.467066833990533,2.1307273765777,2.064740721813536,0.948240774553708,-0.3474638404177934,-0.7652163175041468,0.9737765526822404,1.1592194521954227
3.2462063061225357,0.04780710812459183,3.198399197997944,1.984460903776218,2.064740721813536,1.549440168543689,-0.994327248952557,0.9551800278918883,1.2447651057704376,1.1592194521954227
3.2462063061225357,-0.8029522393440995,4.049158545466636,1.4834373628448976,2.064740721813536,3.158154761800108,-0.49153047077141854,-2.366510485198732,1.777119793880004,2.813577809383333
3.2462063061225357,-0.9632179225985236,4.209424228721059,0.718516794823608,0.04780710812459183,3.4486210731691975,0.6512396168999559,-1.9390298102126355,1.8570463303776774,2.8676929611576356
2.064740721813536,-1.0179059321969164,3.0826466540104525,-0.1343056528402824,-0.8029522393440995,1.6959758194656078,1.7132993557770617,2.7200987424791356,1.3022963639147611,1.0110250307231154
0.04780710812459183,-1.0179059321969164,1.0657130403215083,-0.6372718578817604,-0.8029522393440995,0.19573581211011035,1.1247662659929838,0.3044917903660161,0.4424204020048243,0.5131276192046692
0.4816822368839763,-1.0179059321969164,1.4995881690808928,-0.5504968321298837,-0.8029522393440995,0.3820046998744807,1.6097815898936034,2.415886513087802,0.6180652877119703,0.5131276192046692
0.826984610644315,-1.0179059321969164,1.8448905428412314,-0.22450946213220072,-0.45009030339385436,0.7076003412658705,0.42053031652372214,-2.5881638927852677,0.8411898366396675,1.4449001594825
1.81081266504507,-1.0179059321969164,2.8287185972419864,0.330296655396518,0.4816822368839763,1.2220495491599777,0.1373640204926231,-0.8513449203002695,1.1054634996959318,1.2770749140381694
2.458148599615041,-0.45009030339385436,2.9082389030088955,1.0255075617589096,0.826984610644315,1.2954277135836834,0.012188712776551647,-0.9810690717595586,1.1381685787191997,1.3291304281610936
2.458148599615041,0.4816822368839763,1.9764663627310648,1.5422788236039744,1.81081266504507,0.7243239720511916,-0.38152318087056536,-2.3811610620812247,0.8510722484320539,1.3067813951871554
2.458148599615041,0.826984610644315,1.6311639889707261,1.725523352815097,1.81081266504507,0.406345453939147,-0.4805366386418635,-0.5863870541636172,0.6374523150316006,0.7358611228918805
2.458148599615041,0.6529751329386725,1.8051734666763686,1.6907214572739686,1.81081266504507,0.4905784422171365,-0.7300058509134987,0.06453582016497232,0.7004130511470618,0.7358611228918805
2.458148599615041,0.054711422202714785,2.4034371774123264,1.3395012087054976,1.39790488293959,1.0019105976289948,-0.22570480894399925,-1.8848588579408592,1.000954842951966,1.4807908728927979
2.1337660058314705,-0.49751823119664984,2.63128423702812,0.7483678425431595,0.6529751329386725,1.095929386238392,0.24134394889993926,-1.2321934359483855,1.0468664605566425,1.3431934607368752
1.39790488293959,-0.8901905819577188,2.288095464897309,0.14357652498532164,0.054711422202714785,0.8301001239117548,0.4058741430912504,-1.0090508323394924,0.9110983063927596,1.1504933641353223
0.6529751329386725,-0.9945442061011975,1.64751933903987,-0.3349132928228359,-0.49751823119664984,0.4744042839693163,0.7150198153262862,-0.9987170273762883,0.6887701241846341,0.9449020041604336
0.054711422202714785,-0.9945442061011975,1.0492556283039123,-0.6483538710218821,-0.8901905819577188,0.1915184658609971,1.374718352553555,1.1206637079982447,0.43762822790697253,0.4167095268599096
-0.49751823119664984,-0.9945442061011975,0.4970259749045477,-0.8154690089347796,-0.8901905819577188,0.03742367886173051,1.4423366257970618,2.1531252516099486,0.19345200661076253,0.13336349069478792
-0.5870361689574807,-0.9945442061011975,0.40750803714371686,-0.8333725964869456,-0.8901905819577188,0.024795222131636097,1.0879033244393206,0.982127868288894,0.15746498700230505,0.13336349069478792
-0.5870361689574807,-0.9945442061011975,0.40750803714371686,-0.7759223396336732,-0.7808642673617715,0.03313736254621738,-0.0814759831711269,-2.5147449313088024,0.18203670659022972,0.31128846036520297
-0.5870361689574807,-0.9142277580565594,0.32719158909907875,-0.7397685292100955,-0.7808642673617715,0.01991281880014833,0.05041320991922713,-2.155784574569553,0.14111278751462722,0.21083585629195245
-0.5870361689574807,-0.9536350286757254,0.3665988597182447,-0.7476499833339286,-0.7808642673617715,0.02366088641726058,-0.21659717011375332,-1.4699020140941244,0.1538209557156,0.21083585629195245
-0.5870361689574807,-1.083773932195765,0.4967377632382842,-0.8082319163007273,-0.8137751539833089,0.04704220324851658,-0.18457418156178393,-2.1360094413623103,0.21689214658100597,0.3506957309843689
-0.6029392976913565,-1.1926426737403863,0.5897033760490299,-0.9293532172573084,-0.9536350286757254,0.05341525926489711,0.48513689854434083,-0.5938510473010332,0.2311174144561528,0.269998778212456
-0.8137751539833089,-1.1926426737403863,0.37886751975707744,-1.0426630197799795,-1.083773932195765,0.025146074086858178,0.7537998781981889,-0.932738533123248,0.15857513703874948,0.2158532816289862
-0.9536350286757254,-1.1926426737403863,0.239007645064661,-1.086515741665141,-1.083773932195765,0.009667990366370937,0.32117209903644023,-1.3908336611206202,0.09832593943802895,0.13644954689559485
-0.8075605174079953,-1.1926426737403863,0.38508215633239107,-1.057300839411595,-1.083773932195765,0.02364078553821035,1.3389837033164376,1.8070379015947822,0.1537556032741908,0.13644954689559485
-0.5742873304057009,-1.1926426737403863,0.6183553433346854,-0.9554035190535822,-1.0330387634091167,0.06881226197818777,0.8068880513352672,-0.9041450804891392,0.26232091410748737,0.3619277928967163
-0.25910252960047564,-1.1694883103047116,0.9103857807042359,-0.7686954902256001,-0.8075605174079953,0.13237556479136575,0.4911257516755059,-0.8984931229571522,0.3638345294105079,0.4587514330034158
-0.02595924483981663,-1.0330387634091167,1.0070795185693,-0.5399896771326211,-0.5742873304057009,0.16474819000891555,0.11793027860419078,-1.5402459096834693,0.4058918452111542,0.5484579878075196
0.08255204478799609,-0.8075605174079953,0.8901125621959913,-0.3168715154931986,-0.25910252960047564,0.1386362459556708,-0.37668716566229427,-1.8222046722244454,0.3723388859032465,0.5483280855658843
0.20043838485824766,-0.5742873304057009,0.7747257152639486,-0.11527173503994996,-0.02595924483981663,0.09454161570754391,-0.8566607821564879,-0.11938591760750228,0.3074762034817392,0.34165457438847174
0.2551516245065001,-0.25910252960047564,0.5142541541069757,0.050616055942490225,0.08255204478799609,0.0417727038384274,-0.8885467327116983,0.2316781875293247,0.20438371715581308,0.2263976296980643
0.2551516245065001,-0.02595924483981663,0.28111086934631674,0.1481069537242116,0.20043838485824766,0.013808222179185935,-0.9422090520953337,-0.6785804167248995,0.11750839195217479,0.14579991452013497
0.2551516245065001,0.08255204478799609,0.17259957971850398,0.19371980130762684,0.20210499307725982,0.004361744041211434,-1.590462669873524,3.0654472669921304,0.06604350112775241,0.027913574449883405
0.2551516245065001,0.14797850828843656,0.10717311621806352,0.20680509400771493,0.20210499307725982,0.0015812118842675699,-0.5362880884572202,0.8274735750100994,0.039764455035465655,0.027913574449883405
0.2551516245065001,0.06400992923875147,0.1911416952677486,0.1795194028838157,0.20210499307725982,0.005738056733131951,-0.9700679782691775,0.26408803910960427,0.0757499619348548,0.08037345101969451
0.22835195930813107,-0.04727875385577181,0.27563071316390286,0.11903332721136133,0.14797850828843656,0.012594142783537618,-0.8439671775882657,-0.392099952862394,0.11222362845469584,0.13809506383850834
0.20210499307725982,-0.13773417806558563,0.33983917114284545,0.045816099736617995,0.06400992923875147,0.019387936895336872,-0.3242632263259846,-1.628961597509529,0.13924057201597842,0.19525726214420835
0.14797850828843656,-0.19699686462289354,0.34497537291133007,-0.03400427180341268,-0.04727875385577181,0.020056801624204056,0.22294309734518497,-1.7522129228270888,0.14162203791855296,0.20174410730433712
0.06400992923875147,-0.21140347439445728,0.27541340363320876,-0.10588066833999146,-0.13773417806558563,0.013187217357844814,0.8642214611251509,-0.5331757542658705,0.11483561014704809,0.14971811076712171
-0.04727875385577181,-0.2635704527609899,0.2162916989052181,-0.17139674473993974,-0.19699686462289354,0.006822585265559746,0.803184304870644,0.4263000301098714,0.08259894227869838,0.07366929632887165
-0.13773417806558563,-0.3653250135827532,0.22759083551716758,-0.235005996685336,-0.21140347439445728,0.0073156385480557615,-0.8311079359515857,0.8990811669547121,0.08553150617202857,0.06657358813809636
-0.19699686462289354,-0.5257670638539245,0.3287701992310309,-0.3126125738430038,-0.2635704527609899,0.018557210396250284,-1.1753589620583222,0.5715602380704325,0.1362248523443879,0.15392153918829593
-0.21140347439445728,-0.7052955198649039,0.49389204547044663,-0.4142723048914059,-0.3653250135827532,0.040847060219701005,-0.7139206237519884,-0.8505231607128773,0.20210655659750626,0.2621966110929346
-0.2635704527609899,-0.8694813401802477,0.6059108874192578,-0.5458878780485639,-0.5257670638539245,0.06070861220319178,-0.26569888944324965,-1.5470135664936489,0.24639117720241482,0.3399705062821507
-0.3653250135827532,-1.0606774175538667,0.6953524039711134,-0.7053092710071392,-0.7052955198649039,0.07526592187789558,-0.08509101716299822,-1.1432144822408798,0.2743463538629511,0.34371427632632323
-0.5257670638539245,-1.2225618591709062,0.6967947953169817,-0.8767566401247698,-0.8694813401802477,0.07651340757262554,0.013930090878979057,-1.2773975114578064,0.27661057024746094,0.3553818976889628
-0.7052955198649039,-1.2682039884458645,0.5629084685809606,-1.025244025043158,-1.0606774175538667,0.056462114186956056,0.4491570339236125,-1.6991247665126192,0.2376175797094063,0.3530805189906585
-0.8694813401802477,-1.2682039884458645,0.39872264826561676,-1.1174706591080272,-1.1664286901892513,0.02522144007494088,1.1163317658737069,0.7177500756185585,0.15881259419498467,0.16188444161703952
-1.0031147086767318,-1.2682039884458645,0.26508927976913266,-1.1441973328073243,-1.1664286901892513,0.012223191490350307,0.30573613711569175,-1.98228322546192,0.11055854327165453,0.16188444161703952
-0.8057417643589596,-1.2682039884458645,0.46246222408690485,-1.0932102021683427,-1.1664286901892513,0.03586773101929474,1.01647355936001,-0.08955100555051132,0.18938777948773447,0.2194471504941744
-0.6055907178293926,-1.2682039884458645,0.6626132706164719,-0.96981597390004,-1.0031147086767318,0.07209528914130076,0.39885933400953555,-1.3273155989682965,0.26850565942136256,0.3606869258302917
-0.4706640723208459,-1.1664286901892513,0.6957646178684054,-0.8103079906750363,-0.8057417643589596,0.08032109665704701,-0.0836697788831263,-1.6972606288544168,0.28340976810450097,0.39752399084733925
-0.3945723633975584,-1.0031147086767318,0.6085423452791734,-0.6559367253166977,-0.6055907178293926,0.06203652698795459,-0.5626923279940437,-1.2172643172939388,0.24907132911669017,0.3350776920381137
-0.3608284308749941,-0.8057417643589596,0.4449133334839655,-0.5274794697563502,-0.4706640723208459,0.03304903218492163,-1.0307569123844027,0.15570451014389639,0.18179392779991754,0.21101835443183414
0.013604929933551873,-0.6055907178293926,0.6191956477629444,-0.3636101308978479,-0.3945723633975584,0.05331818766008616,1.294472805716559,2.4683090245996397,0.23090731400301326,0.10983564144585178
0.6871325709322151,-0.4706640723208459,1.157796643253061,-0.10506547314552636,-0.3608284308749941,0.23113791784410592,1.5334815366811212,1.9022871756538133,0.4807680499410354,0.4081772933311103
1.5703158907747408,-0.3945723633975584,1.9648882541722992,0.303130519473591,0.013604929933551873,0.6911680520693169,1.0404201388024645,-0.04926680317926587,0.8313651737168913,1.0479610018072092
2.1722761905965706,-0.3608284308749941,2.5331046214715647,0.8165002302724169,0.6871325709322151,1.113461533889994,0.27263783552336796,-1.9115682353996373,1.0552068678178672,1.5567109608411889
2.1890633757509126,0.013604929933551873,2.1754584458173607,1.326478591597598,1.5703158907747408,0.9128208256067636,-0.6033601013929042,-1.6889251089727395,0.9554165717668726,1.4851436196643555
2.1890633757509126,0.6871325709322151,1.5019308048186975,1.6540459946365906,1.651441945128515,0.3741863036013506,-1.1145194589362306,1.1792474125273469,0.6117076945742554,0.6019602998218299
2.1890633757509126,0.8600980735057648,1.3289653022451478,1.6886390951513008,1.651441945128515,0.29654838347938517,-0.8567178531770746,0.37034610106739524,0.54456256158442,0.6019602998218299
2.1890633757509126,0.32215879143396764,1.866904584316945,1.439007675283146,1.651441945128515,0.6819705861860164,-0.5632397742059854,-1.8832499775939044,0.8258151041159373,1.3121781170908058
2.1890633757509126,-0.02091865937109782,2.2099820351220103,1.0003687052896124,0.8600980735057648,0.8398909504565372,0.3116169233139496,-1.8403286838270805,0.9164556456569719,1.3292831536945473
1.651441945128515,-0.20111080042933321,1.852552745557848,0.5223338700535632,0.32215879143396764,0.5618838166024778,0.9210571021071362,-0.07758972061866487,0.7495890985082946,0.8810167328768627
0.8600980735057648,-0.30315361063917523,1.16325168414494,0.13141475890002513,-0.02091865937109782,0.22249776116638342,1.0778166029951723,0.37517099320174196,0.4716966834379731,0.5232695918633008
0.32215879143396764,-0.30315361063917523,0.6253124020731429,-0.05418026759387771,-0.06787705896374949,0.056625332762953194,1.0739404916104507,1.5001223649538709,0.2379607798838985,0.1801921410582354
0.3550496955882445,-0.30315361063917523,0.6582033062274197,-0.047602086763022335,-0.06787705896374949,0.06303076103816815,1.1844892474370015,1.7871672451872438,0.25105927793684135,0.1801921410582354
1.07015051677295,-0.30315361063917523,1.3733041274121252,0.17061174846578722,-0.06787705896374949,0.31567388303510135,1.3223676173765682,1.13974826560739,0.5618486300019796,0.5561604960175777
1.900319773457301,-0.30315361063917523,2.203473384096476,0.5908978632431141,0.3550496955882445,0.8083014097825647,0.7691849320715702,-0.6859386542302547,0.8990558435284011,1.1380275757366993
3.3089284980346814,-0.06787705896374949,3.376805556998431,1.3133142849778854,1.07015051677295,1.8030351752210638,0.7951986612075599,-0.1311715250860376,1.3427714530853954,1.5452700778690565
3.815707196847661,0.3550496955882445,3.4606575012594165,2.0900311361401678,1.900319773457301,2.137494030820948,0.0879563200024019,-2.194459634105133,1.462017110303757,2.238777981261731
3.815707196847661,1.07015051677295,2.745556680074711,2.664895451563654,3.2293712727056767,1.2963916413191765,-0.7146374543609268,-1.4271935957370872,1.1385919555833761,1.4086087245773804
3.815707196847661,1.900319773457301,1.91538742339036,2.8942374187295874,3.2293712727056767,0.6450254796548552,-0.32276220157970925,-2.1426559377276604,0.8031347829940223,1.0920681454320622
3.815707196847661,0.992161153515153,2.823546043332508,2.7126056947411583,3.2293712727056767,1.2612933339832155,-1.0359528843961305,0.2502737060351438,1.123073165017852,1.0920681454320622
3.815707196847661,-0.06086159304239818,3.8765687898900594,2.038647676525742,2.216860352602619,2.527649048756561,-0.320883541372586,-1.6193036804918794,1.5898581851085212,2.237210119190524
