Max,Min,Peak to Peak Range,Mean,Median,Variance,Skew,Kurtosis,Standard Deviation,Inter Quartile Range
2.5806069235731046,-1.5749916983758334,4.155598621948938,8.526512829121202e-17,-0.294445116178851,1.0020040080160328,0.9009000637134366,-0.0680977499791533,2.222383952446225,1.2363652483311438
1.7818870077400966,-1.2783847835885864,3.0602717913286828,-2.7711166694643907e-16,-0.1302900995660163,1.002004008016032,0.29604813987989115,-1.3987998580625343,0.9238977346791077,1.9431833064373683
1.7374391702349927,-1.4439265005876991,3.181365670822692,-3.073097332162433e-16,-0.1075004043065392,1.0020040080160315,0.21975422644048268,-1.439863871262466,1.3502080790626834,1.960582724671622
1.5992848585939223,-1.6152099975569287,3.214494856150851,2.220446049250313e-16,0.040541177381637636,1.002004008016032,0.006442694113749633,-1.4572416476117314,1.0725279953512312,1.9958093753278145
1.7484660780323333,-1.376256569726122,3.124722647758455,3.4994229736184936e-16,-0.11384063349187956,1.002004008016032,0.28797061463656654,-1.425034912031663,1.4465185053452017,1.9908706011063964
1.8344321854492789,-1.465369234798805,3.299801420248084,-6.821210263296962e-16,-0.11615648987088104,1.0020040080160308,0.22809004219669293,-1.3485430883725162,0.8553556515368977,1.9449231397748914
1.931789731145747,-1.50945171898663,3.4412414501323774,-6.465938895416912e-16,-0.04021240522757449,1.002004008016032,0.10724190672635878,-1.448443747644503,1.1017844576632798,2.021134283125728
1.6513691275540032,-1.3946192429632243,3.0459883705172275,-1.6342482922482304e-16,-0.06525558128917433,1.0020040080160317,0.16964145614382237,-1.4607646026498755,1.1222868266523995,2.030683746690115
1.7468213060225337,-1.4434343806134735,3.1902556866360072,3.836930773104541e-16,-0.05335849663261784,1.0020040080160313,0.1688510321604516,-1.4080303867942057,1.5099366785221293,1.9954180620059945
1.822384741337427,-1.5878154537377451,3.410200195075172,-8.597567102697212e-16,-0.039072797322959194,1.002004008016032,0.1751918174824561,-1.3595050306966847,1.3460786391161639,1.9495665393570034
1.7244176967610523,-1.3330242692908072,3.0574419660518597,1.758593271006248e-16,-0.06982966138618998,1.0020040080160328,0.25021435370231276,-1.4061998775365183,1.3168300114185278,1.988048786304802
1.854359970450608,-1.5941858423640969,3.4485458128147046,3.232969447708456e-16,-0.11861335709179556,1.002004008016032,0.22494206348459558,-1.3585678862469586,0.5262165750141917,1.8937502118527934
2.8919582457325377,-1.4253293647602112,4.317287610492749,-7.673861546209082e-16,-0.32284546733548225,1.0020040080160317,1.0860094477237638,0.3448448778742712,2.723926639055527,0.9853563701787316
1.7172236951797053,-1.1755179927847945,2.8927416879644996,-1.5276668818842153e-16,-0.3807714561699832,1.0020040080160322,0.38201985381092096,-1.5016388710810615,1.7704755957547664,2.0400687047610075
1.7396084415610646,-1.4275261872033296,3.167134628764394,-3.0553337637684306e-16,-0.15873902445865215,1.0020040080160315,0.20014903104695247,-1.4644930266537346,1.1378911859656957,1.9139071938766699
1.780985542580424,-1.2177477530866287,2.9987332956670527,-2.611244553918368e-16,-0.19494946876836028,1.0020040080160315,0.3292208659556822,-1.4178469803393043,1.0042370952763346,1.9545601770749632
1.5787563021234496,-1.2684335681076355,2.847189870231085,1.3322676295501878e-16,-0.1472785994539642,1.0020040080160328,0.15319062253021765,-1.5741230664500383,1.2125108827658697,2.0726514756219183
1.5930630866529978,-1.3833732014147413,2.976436288067739,-8.668621376273222e-16,-0.10019123790418079,1.0020040080160308,0.11017240399400278,-1.5908863775489288,1.078243975398004,2.0784326581960872
1.7549034247324098,-1.5849106518385383,3.3398140765709483,8.313350008393173e-16,-0.012527620848430655,1.0020040080160324,0.05869274925649387,-1.4822129490386349,1.0518164241572836,1.96709707295207
1.7798243458717697,-1.4370251707428767,3.2168495166146465,6.394884621840901e-17,-0.05417183306427152,1.0020040080160326,0.11161813677095442,-1.4878291102342502,1.024478943176734,2.039060915803316
1.7033836813513619,-1.5713280609445563,3.274711742295918,3.375077994860476e-16,-0.10939149729025022,1.0020040080160328,0.11634617845875209,-1.514112337301868,1.0336498256904896,1.9671721349378464
1.5617523316662545,-1.4534371894052585,3.015189521071513,-7.318590178329032e-16,-0.11644390395923185,1.0020040080160315,0.11298906281433237,-1.5497073022535672,0.9619714192620279,1.987075515427625
1.8450508193476032,-1.2680338395596862,3.1130846589072894,-2.486899575160351e-16,-0.22190598632216124,1.0020040080160315,0.3298712697198423,-1.4178181140737034,1.3136344310043806,1.925322362087012
1.855813445050337,-1.3946021232116983,3.250415568262035,1.6342482922482304e-16,-0.11867076261270751,1.0020040080160324,0.2378011780310489,-1.4049730546080417,1.2247623461823554,1.9563136709844708
1.9075652886061767,-1.4971634491047041,3.404728737710881,8.526512829121202e-17,-0.13536315285873254,1.0020040080160333,0.1931584755947841,-1.3581570578102158,1.0731852699765236,1.9276667305039008
3.680273665066914,-2.0374694418131782,5.717743106880093,-5.115907697472721e-16,-0.11971553462998513,1.0020040080160324,1.2749897104431511,2.4735578496428725,0.8197251664519039,0.8295067805788544
1.9160349304034012,-1.534991562646872,3.451026493050273,-1.9895196601282806e-16,-0.10088277654408137,1.002004008016032,0.22600110882972682,-1.1905025097499482,1.1242200485356202,1.723262980596017
1.577409182465777,-1.5532587405112421,3.130667922977019,4.547473508864641e-16,-0.020095533094753388,1.0020040080160315,0.02156897546564709,-1.4881825456877324,1.1671937254974576,2.0222029013917493
1.6863606036394072,-1.4297034466544576,3.116064050293865,2.042810365310288e-17,-0.03949302205890884,1.0020040080160324,0.10748808290666946,-1.4672763190753193,1.098474965346101,2.0290002546257186
1.6868097419333172,-1.3796662073902402,3.066475949323557,6.235012506294879e-16,-0.08214224446270948,1.0020040080160328,0.21422816773228126,-1.4390527366789196,1.1591149358775075,1.9802722468736549
1.7522600134855935,-1.3826430050473588,3.1349030185329525,-5.186961971048731e-16,-0.08156727862121094,1.0020040080160322,0.17393047693775224,-1.4245236239891939,1.2061397123308089,1.9185643641617878
1.767650926953759,-1.4174845352938232,3.1851354622475823,3.659295089164516e-16,-0.08793260105825959,1.002004008016033,0.1635301022461887,-1.4656843250854958,1.0301508858594761,1.9893612980473163
2.1174922973165633,-1.4655727009409414,3.5830649982575045,5.329070518200751e-16,-0.08212196436387642,1.0020040080160315,0.14203647592977323,-1.3585866393198076,1.2866026951324365,1.917753785417878
1.6434079048842885,-1.5442792208003033,3.187687125684592,-1.4566126083082054e-16,-0.06391441926036553,1.0020040080160328,0.12343833497613342,-1.4473033536838045,1.3678797943983647,1.962585778995215
1.49264936760044,-1.5607067656034748,3.0533561332039145,2.842170943040401e-17,0.010171797803726148,1.0020040080160322,-0.01511833728701568,-1.505550402090127,1.3775102570711655,2.038926856035802
1.3373616530673946,-1.6608065822549265,2.9981682353223214,4.618527782440651e-16,0.09653727215526828,1.0020040080160317,-0.19034697798163416,-1.4712606751698654,1.2445513198141698,2.0156166588648037
1.4569209088682271,-1.6179119467668774,3.074832855635105,-1.7763568394002506e-16,0.04465028915448867,1.0020040080160317,-0.14535146053956396,-1.4632178320859,1.063771974061931,2.024395526486051
2.286459579769819,-1.7701412030822465,4.056600782852065,7.744915819785092e-16,-0.2330413512331921,1.002004008016032,0.390723617542476,-0.8853861674223347,1.245674625397669,1.5735246329111865
1.8777964171854895,-1.520763655588214,3.3985600727737033,5.258016244624741e-16,-0.1401926335298986,1.002004008016032,0.20226418579170746,-1.3700178181645957,1.0047703477747754,1.9206000289809155
2.075625947603826,-1.6386649138112948,3.7142908614151207,-1.2647660696529783e-15,-0.13307028958581546,1.0020040080160322,0.22023149383987708,-1.19618684212704,0.7367239027440151,1.8237260685227121
1.9324242441730388,-1.5051813598968538,3.4376056040698924,-1.3145040611561853e-16,-0.15612490229774356,1.0020040080160324,0.22064100275326726,-1.3824625388814158,1.7986671644151946,1.9258949397707572
2.0094872670021573,-1.6316055085537056,3.6410927755558626,2.842170943040401e-17,-0.1068284365905877,1.0020040080160324,0.15194260192004586,-1.3229370990742584,0.6582993942003178,1.894242437727137
1.9788286186467527,-1.5028844329513598,3.4817130515981125,5.684341886080802e-17,-0.1594260651816363,1.0020040080160315,0.22846171608019414,-1.3231801307465798,1.0547002794449687,1.8834905704385578
1.8521981049389509,-1.503548241027588,3.355746345966539,7.105427357601002e-17,-0.21260444661527989,1.0020040080160326,0.28706863426454443,-1.3335721875159765,0.9927864383691463,1.8364794844800554
1.9453202935759955,-1.5067916758453104,3.452111969421306,3.1263880373444406e-16,-0.09122384596481736,1.0020040080160313,0.1809145590485153,-1.3224457630892852,0.889855487060578,1.8390684410046114
1.8904614685976169,-1.658388268580063,3.54884973717768,-7.460698725481052e-16,-0.15544179670422203,1.002004008016033,0.19801277664122396,-1.27154874577038,1.1944059219811956,1.7910379930154545
2.0936630681399047,-1.459227934185116,3.552891002325021,-4.760636329592672e-16,-0.18626911266892707,1.0020040080160324,0.32905083223007764,-1.2649725966398009,1.2276082140902453,1.8670590910440625
2.4912843305225163,-1.909331754871564,4.400616085394081,8.135714324453147e-16,-0.10965278732653272,1.0020040080160333,0.24001575899761332,-0.8511069270216693,1.7048925065573286,1.6616342852740074
2.163086241548653,-2.549359406927262,4.712445648475915,6.821210263296962e-16,-0.04961687842824343,1.0020040080160324,0.028631922167210513,-0.34813176859038997,0.7992737779620718,1.331741149545917
2.518815105784949,-1.8917520415476827,4.410567147332632,4.263256414560601e-16,0.030964560831992262,1.0020040080160326,0.31095422874603346,-0.2098608987119701,1.9910573253562824,1.1787315868290116
1.7982368259398356,-1.4650763358729741,3.2633131618128095,6.750155989720952e-17,-0.21221295013613045,1.002004008016032,0.26447265705978423,-1.4245481625323997,1.3332188892750714,1.9408048296069595
1.8620439606085508,-1.2302567114318785,3.0923006720404294,7.105427357601002e-18,-0.19610298411515187,1.0020040080160315,0.262877793670553,-1.4594462727105975,1.0525126649247702,2.027694411736776
1.8163569817226215,-1.2349586186530879,3.0513156003757094,3.907985046680551e-16,-0.17253649182577974,1.0020040080160328,0.3185238975452499,-1.4011575768549451,0.9119158807794671,1.9024455757511958
1.5212452244614858,-1.34121397634384,2.8624592008053256,-5.577760475716786e-16,-0.10155042298192099,1.002004008016031,0.10695489662160358,-1.5760286653798277,1.4597400881973852,2.04752622863982
1.6210531967810555,-1.312751186712506,2.9338043834935617,6.252776074688881e-16,-0.11608410244596534,1.002004008016033,0.16239019034842314,-1.5624893326567144,1.258356771566354,2.026493693281993
1.7447687949502215,-1.5295514430550963,3.274320238005318,-3.730349362740526e-17,-0.004138736808020238,1.0020040080160317,0.04056364380811573,-1.5378305368310474,0.5987543512966843,2.0424497778385358
1.4628230501033865,-1.4999807058065326,2.962803755909919,-1.5631940186722203e-16,0.044960067548815943,1.002004008016033,-0.026346906153886046,-1.5918277567968848,0.7005981513105228,2.034197294609804
1.5528219492540822,-1.5302150664733696,3.083037015727452,6.590283874174929e-16,0.13275394601443297,1.0020040080160317,-0.110649148298853,-1.5846917955939879,0.6625146464244277,2.0324619507774946
1.4693773636154444,-1.6263551944930286,3.095732558108473,-7.815970093361102e-17,0.29536839493747347,1.0020040080160324,-0.28235873783072196,-1.5364033007833964,1.2903973330179848,1.9680300026210276
1.423802599630236,-1.5668780974033476,2.9906806970335835,-5.586642259913788e-16,0.18189479952392332,1.0020040080160313,-0.1532377568632742,-1.5543889200116545,1.9690410663937183,1.955103955814192
1.6609852955218187,-1.5492295177998237,3.2102148133216426,1.7053025658242405e-16,-0.025064313568982276,1.002004008016032,0.022982485554542534,-1.5027511502620463,0.7731412150295898,2.0073844128735567
1.9756647327054955,-2.040785302772914,4.016450035478409,8.668621376273222e-16,0.02012619204717786,1.0020040080160317,-0.10122671263636834,-0.9156839091330244,0.8148287585499253,1.6197612100918963
3.2699135076269714,-1.3093753467981333,4.579288854425105,6.252776074688881e-16,-0.25460255011858957,1.0020040080160317,1.7690568539642904,2.550136173214488,2.2985705583602236,0.7381824095789705
5.046445925841194,-1.2135493474557368,6.259995273296931,2.6147972675971686e-15,-0.1863081616623966,1.002004008016032,4.045396341896466,16.335022319944077,1.9980864130437148,0.2905239334000234
2.7863106773566337,-1.9392784160856225,4.725589093442256,1.900701818158268e-16,-0.3729283239062958,1.002004008016031,1.058993014229535,0.28130413732000026,0.852042848921557,1.0811295661782991
2.461035927160285,-2.0551686575771737,4.516204584737459,7.478462293875054e-16,-0.23009107463494533,1.0020040080160326,0.7749999737332864,0.1895515520670279,1.682777798051785,0.9301206661942799
2.997547735523763,-1.9562011295536106,4.953748865077374,3.1263880373444406e-16,-0.18916393632501755,1.002004008016032,1.0695429384386885,1.2326830497837196,0.6887530916045813,1.0357382114891116
2.592696436317448,-1.9677535703649356,4.560450006682384,3.552713678800501e-17,-0.20929641006201277,1.0020040080160324,0.934662032066058,0.6210212671725874,0.8191231001755968,0.9128495255849214
3.537602984120555,-2.080743593705622,5.618346577826177,1.9895196601282806e-16,-0.1125625994260622,1.0020040080160322,0.6748857769590919,1.0183327154283615,1.5487059790021915,1.2100834677782744
2.2551315465074833,-2.73445466515294,4.9895862116604235,1.4210854715202004e-17,0.02741076200157753,1.0020040080160306,-0.1045030757726359,-0.7913824712382374,0.912011436459245,1.6066338382447483
3.32272527630335,-3.493245090572915,6.815970366876265,-2.842170943040401e-17,0.058908923361026516,1.0020040080160302,-0.49183249515212746,2.5373452011739324,1.9337202868710168,1.038863271016843
2.5547683439483047,-2.6001625083111493,5.154930852259454,-5.968558980384842e-16,-0.10157368617511298,1.0020040080160322,0.16109400789669492,0.14867349785030948,0.8589326428467543,1.1851739199596705
3.037013623768247,-3.234405732549092,6.271419356317338,-2.327027459614328e-16,0.010704472642080229,1.0020040080160326,0.02633638171997663,0.06547433894600241,1.189781008826764,1.3713255464214824
2.0738544697504553,-3.5287432429614585,5.602597712711914,-1.4210854715202004e-17,0.113043094060823,1.002004008016031,-0.9613567436363396,1.800793581074608,0.8326919148141337,1.2015140186534388
2.373060422747413,-2.247967805532033,4.621028228279446,1.0302869668521453e-16,-0.0131923494662323,1.0020040080160317,0.1600727115545725,-0.24049650233101394,1.0204309455432325,1.2829187161551079
2.6347742918075596,-2.129546266593065,4.764320558400625,1.6484591469634325e-15,-0.25694260361903387,1.002004008016032,0.5974404694112461,-0.4142933672186988,0.8950266013794694,1.4560190638302044
2.2931629790449177,-3.1864062659189996,5.479569244963917,2.4868995751603507e-17,0.05264699234017513,1.0020040080160324,-0.577962250649676,0.5318246609576662,1.3514683944277057,1.2841763695664592
1.691594656053714,-1.84547332421543,3.537067980269144,3.694822225952521e-16,0.27386535775172477,1.002004008016032,-0.5238217754627844,-0.9765401697673601,0.9623803588586771,1.4391872749249892
2.906252325272881,-1.4709064047722247,4.377158730045106,1.1084466677857563e-15,-0.06390353950701505,1.0020040080160326,1.2081552234053115,1.0689099550080168,0.7771676553419652,1.1002584682995298
2.044666116714587,-2.278694248829082,4.323360365543669,1.0089706847793422e-15,-0.11547989706001967,1.0020040080160315,-0.20116179053052233,-0.30152996767050455,1.8228664194788935,1.3806804650220124
3.0261890371517604,-2.238289843761851,5.264478880913611,4.263256414560601e-16,-0.2279991123653393,1.0020040080160317,0.8347957488110329,0.85103458265178,1.3637639849048846,1.1466227841765464
2.1053813611102723,-2.7712393745644532,4.8766207356747255,-4.3431924723336123e-16,0.058141433505425354,1.0020040080160324,-0.611639425697903,-0.039876640675668984,0.8854542710307259,1.4511243025274703
1.5610491214903877,-2.485910364936569,4.046959486426957,2.984279490192421e-16,0.1728306301343917,1.0020040080160313,-0.8065282852250435,-0.013728579692610321,0.9588553598353038,1.1240687005027237
2.4959512362621545,-2.472370524414018,4.968321760676172,-3.552713678800501e-16,-0.09152010320509107,1.0020040080160315,0.03122436069580599,-0.14898761261276583,1.3710869929739642,1.2430860818476313
2.579407630898604,-2.456036654212616,5.03544428511122,8.704148513061228e-17,-0.052094963198310765,1.002004008016032,-0.16225947832871665,0.4737496498082976,0.9180671076157031,1.1023585926391095
2.5950491375349936,-2.4755406513378437,5.070589788872837,5.684341886080802e-17,-0.017240648656910277,1.002004008016032,0.014787890953165659,-0.1841765518430547,0.9347849649283643,1.3514819493708403
1.5135873073333246,-3.156914195831417,4.670501503164742,-4.103384299014579e-16,0.03692925083851195,1.002004008016032,-0.7023141958685831,0.10096349114345227,0.9587116469098867,1.4448338505308826
1.9206377886319606,-2.7935011292837992,4.71413891791576,3.552713678800501e-16,0.07828004941992944,1.0020040080160317,-0.6006332666984505,0.35467402851596797,1.316904115408942,1.0543448746881179
1.6451385694304599,-2.0916950244439674,3.7368335938744273,-2.2737367544323206e-16,0.151908433279478,1.0020040080160322,-0.2915434612599682,-1.1149188902629523,1.040488725198423,1.7118870205811674
2.6832268543768962,-2.006130956482523,4.68935781085942,-5.684341886080802e-16,-0.03782701425395952,1.0020040080160322,-0.0030870641902115744,-0.6041630882202766,0.6645259248001573,1.6866193406769918
2.9028724313091763,-2.5851169616976617,5.487989393006838,-2.5579538487363605e-16,-0.13488851626835674,1.002004008016031,0.09246466154368567,0.4018106702605868,1.0350691447740108,1.321200015498251
2.6586372605540007,-2.6827312209673164,5.341368481521317,-3.694822225952521e-16,0.05662559183705764,1.002004008016032,-0.22748038620012645,0.4193475527797865,1.2034619304999614,1.1006804118457092
1.756451076067123,-2.1578664899862714,3.9143175660533944,-1.4210854715202004e-17,-0.08015217957079057,1.0020040080160322,-0.3092019012656907,-0.5713702629887041,1.646838925638259,1.2572323104208503
1.748204908950621,-2.3769647280263375,4.125169636976959,-2.415845301584341e-16,0.012858589235894221,1.002004008016033,-0.35011064528105296,-0.5424864906191353,1.1538421688179066,1.3607328563744923
2.322286359806265,-2.536808851569341,4.859095211375606,-1.9895196601282806e-16,0.08062667565210538,1.0020040080160322,-0.35376352605505135,-0.27587334597260504,0.9380912316273565,1.5215375376314806
2.015604663777002,-2.0275121893463246,4.043116853123326,-1.7053025658242405e-16,-0.26616007613334886,1.0020040080160324,0.3822850347917587,-0.792035802006466,1.046845201452462,1.3904576922689307
2.989676309273928,-1.8568366262307014,4.846512935504629,9.663381206337363e-16,-0.2958412123671249,1.002004008016032,1.4710600078484037,1.9138531326051882,1.7465343839891754,0.7106614642775756
3.686235181354831,-2.493587337198262,6.1798225185530935,1.3358203432289884e-15,-0.22106169354301608,1.0020040080160326,0.998522683241814,2.476102754204121,1.247574513740407,0.9277020313234721
3.0075167012163475,-1.1739173494648794,4.181434050681227,4.547473508864641e-16,-0.4496698353518862,1.0020040080160324,1.3531811316652955,0.604383149216011,1.752614035569494,1.143046103370188
2.695058282166828,-2.0645547902424726,4.759613072409301,3.1263880373444406e-16,-0.02060583722921444,1.0020040080160324,0.2043137731721997,-0.42186215777867053,1.1670555311279442,1.5633368803748202
3.3328487402883975,-2.420625758911109,5.753474499199506,9.130474154517288e-16,-0.015080417186763881,1.002004008016033,0.2552121255501132,0.4934644296764894,1.3995248665526592,1.2297919577236893
2.12809711180967,-2.28635830790637,4.41445541971604,6.110667527536861e-16,0.187705051562616,1.0020040080160322,-0.3506292746704624,-0.6166022898189256,1.5463835363480465,1.5510101761458563
2.5161747995457873,-2.546414559443712,5.0625893589894995,4.263256414560601e-16,-0.007098374130465776,1.0020040080160324,-0.15051492971826463,-0.1627010029720246,1.0398320733034618,1.3450247757235865
2.067030811611297,-2.7598282796947355,4.826859091306033,5.329070518200751e-16,0.27815727183171074,1.002004008016032,-0.537821479398144,-0.28591247478106885,0.7343577038191432,1.506266884399122
1.8884122681015971,-2.215306480254622,4.1037187483562185,-1.3500311979441903e-16,-0.11178230495089374,1.0020040080160322,0.0792904127170541,-1.0376123009516756,0.7276890662387548,1.6845009278194918
2.8579378553437054,-2.6850301576804396,5.542968013024145,4.263256414560601e-16,0.053510616831084115,1.002004008016033,-0.0779071841708947,0.1903633780009173,1.4020496764927917,1.290173682592009
3.3948065475562115,-1.6173629066385673,5.012169454194779,-2.842170943040401e-16,-0.20687475093071345,1.0020040080160328,1.5952416805858516,2.8316938144644532,1.6786335260084968,0.8527972081817363
2.065110904307955,-2.45183316822416,4.516944072532115,-1.1812772982011666e-15,0.218863302784157,1.0020040080160315,-0.5120170002926896,-0.31847078149164787,0.9921621661081245,1.278333042006932
2.438839590648867,-2.267176018724646,4.706015609373512,9.094947017729283e-16,0.10718895951825122,1.0020040080160328,-0.18286753644261788,-0.41183811948783955,1.7846652368047002,1.2922004229536614
2.841745348024577,-1.9353827343159131,4.77712808234049,-8.810729923425242e-16,-0.21522365616150954,1.0020040080160317,0.7186890159107783,0.3422507979569045,0.678856275885287,1.1534079684212526
2.052637513197558,-2.4787540387306,4.531391551928158,-1.2789769243681802e-16,0.17880999808939993,1.0020040080160315,-0.4874292337262999,-0.5748138533548999,1.143385029626643,1.378622441741076
2.4189351935520644,-1.9375575705750918,4.3564927641271565,-4.9737991503207014e-17,-0.054592595622141,1.0020040080160333,0.3109807019541373,-0.39666743489963974,1.3685330388906236,1.2366934150503637
3.056923442734475,-1.0558747136259987,4.112798156360474,-2.5579538487363605e-16,-0.407301174105382,1.002004008016032,1.4185361213930798,1.2942205019809605,1.0399264586380004,1.175254748389426
2.2019546420907403,-1.5047869692339684,3.7067416113247087,-4.547473508864641e-16,-0.358319568468898,1.002004008016033,0.7846478054547942,-0.4707094455106984,1.3325393877265095,1.2687651572600505
2.9676844794735358,-1.586322749802909,4.554007229276445,2.2737367544323206e-16,-0.15523163081565072,1.0020040080160322,0.7622068418195981,0.17973561108121494,0.4763378824210588,1.2451472213894155
2.341465584235701,-2.0131739226267693,4.354639506862471,9.237055564881302e-17,0.018530470065160405,1.002004008016032,0.11277855453435591,-0.4351761020382354,1.0352137161076016,1.291200896333439
2.4079872689576667,-2.2072734399001925,4.615260708857859,-4.1211478674085813e-16,-0.015169273818333544,1.0020040080160315,-0.06998406925717318,-0.8032246119177229,1.6729129433907035,1.6587880658303238
1.9210188358771514,-2.153829648060791,4.074848483937942,1.7763568394002506e-16,0.08562105157392558,1.0020040080160313,-0.2903975093494889,-0.609667299058458,0.5957263186887003,1.4393302631935234
2.070186746759852,-2.3343244453384853,4.404511192098337,8.171241461241152e-17,0.19890803473870336,1.0020040080160315,-0.6087903428668149,-0.12615775323897926,0.25042237673101647,1.1277868359627123
3.122501180904511,-2.0936808619092595,5.21618204281377,2.3447910280083307e-16,0.10222201794171615,1.0020040080160322,0.08271220473912201,0.5636613983330543,0.8571930074618249,1.0465687011623515
3.009123340119389,-2.130104590845714,5.139227930965102,4.9737991503207014e-17,0.09230779827288477,1.0020040080160326,-0.10490518455708366,-0.11184771774898117,1.7758767386693202,1.2475730766585653
2.617809327849034,-2.1437867460209574,4.761596073869992,-2.2737367544323206e-16,0.034408222637623775,1.0020040080160326,-0.0015419893364235712,-0.17902870302212115,1.8592018479614503,1.2579785441621034
2.368574634997284,-2.1669287767195864,4.535503411716871,-4.263256414560601e-17,0.18285959565209753,1.0020040080160326,-0.38169529388022116,-0.22722492217234347,1.0502139013580813,1.202419731941598
1.7581773114568384,-1.757110396216851,3.5152877076736893,-1.4210854715202004e-16,-0.06895013403740835,1.0020040080160322,0.16143856659848915,-1.1109156330013392,0.6551744997499246,1.6600850586633327
2.0615414698807952,-2.1234861241595153,4.18502759404031,9.947598300641403e-17,0.1321754093991393,1.0020040080160317,-0.2220447158442213,-0.7108950780149024,1.1323299287752753,1.3479148308605176
1.815986932355689,-1.5689426085610714,3.3849295409167603,-1.4210854715202004e-16,-0.1632623859208444,1.002004008016031,0.2316485377121612,-1.311011198080145,0.519852827734946,1.909878118126051
2.5536040209004223,-1.9894749465548085,4.543078967455231,2.842170943040401e-16,0.08751282351224055,1.0020040080160324,0.02082578032979368,-0.07143948742318251,1.0597047455244217,1.2001311415064049
1.8415356905746343,-2.351726123359528,4.193261813934162,-2.7711166694643907e-16,0.22525655721791965,1.0020040080160315,-0.6164874265044616,-0.36591759652998634,1.1459602556375414,1.2134118348696634
2.398655941912921,-1.0772573111957842,3.4759132531087054,3.979039320256561e-16,-0.3572686780899776,1.0020040080160324,0.539047692790442,-1.0576057621852708,0.6344778391875961,1.8768676519704166
1.9833969709370842,-2.166666552300413,4.150063523237497,-7.958078640513122e-16,-0.183987432600559,1.0020040080160315,0.18320228941887573,-0.9627054954483505,1.3887164295034753,1.5568279085737189
1.7017599915478567,-2.916378935217208,4.618138926765065,-7.105427357601002e-18,-0.0029181291134366596,1.0020040080160333,-0.359854724657438,-0.5550205021491061,1.0706795138282588,1.6166354264352247
2.5511006413352564,-2.383021039043067,4.934121680378324,6.412648190234904e-16,0.09196171434362742,1.002004008016032,-0.21590909899591404,-0.027794763747135853,0.9920632916044165,1.3289368047437988
1.700841690312113,-2.6831390836118527,4.383980773923966,2.913225216616411e-16,0.20721607420882274,1.0020040080160326,-0.7121373654422589,-0.287098698391933,1.2868029836298696,1.4519358420530344
2.4884454198599326,-2.8003443892841546,5.288789809144087,-1.0658141036401502e-16,0.0805622959974911,1.0020040080160328,-0.20914455352893674,0.18710950934301085,1.0763223509902036,1.177055154923383
1.7715209099893072,-2.8959608861795525,4.667481796168859,-4.547473508864641e-16,-0.0002088384329857792,1.0020040080160328,-0.7498259970835043,0.27978043934472563,1.0861516621500042,1.2967709670508327
2.7465566211044883,-2.7184463213064087,5.465002942410897,-4.263256414560601e-17,-0.006491101651516036,1.0020040080160324,-0.2684268301586103,0.47751348541159144,0.9130142313410663,1.0121556736080843
2.2857074933512265,-3.009405903348364,5.295113396699591,-3.268496584496461e-16,0.034789507303300826,1.0020040080160315,-0.35395759846502384,-0.12275584281206653,0.8549896522116268,1.2602791138408782
1.9514562526105457,-3.1924030124101175,5.143859265020663,5.897504706808832e-16,-0.024283736690463527,1.0020040080160315,-0.740766917345906,0.3984760904008948,1.2249999146000496,1.4316003301822184
2.1908479058878543,-2.750526004546922,4.941373910434777,-6.608047442568932e-16,0.003947810451952424,1.0020040080160324,-0.4196012428735036,-0.13302972320603912,0.7944833024854856,1.2740040311573333
2.8748624735579855,-2.379074494526968,5.253936968084954,-3.1263880373444406e-16,0.01936566071120016,1.0020040080160324,0.0024879748533546265,0.476141132148614,0.4817282541827903,1.2772960413849361
1.8235724648851337,-2.278718980437082,4.102291445322216,7.531752999057062e-16,0.11578365002792869,1.0020040080160333,-0.36810331309177036,-0.7190721172148669,1.0191736501900028,1.4972959170111897
2.444675666371623,-2.713935707616475,5.158611373988098,-4.9737991503207014e-17,0.16270067995408521,1.0020040080160317,-0.5267573735345912,-0.007337535648452853,0.7311806409635285,1.3744662356174489
2.527913953061032,-2.4480273143146665,4.975941267375699,4.902744876744692e-16,-0.0037124627909523927,1.0020040080160322,-0.34392554784480767,-0.2816041639708473,0.7225850625869602,1.3234709337318076
2.3061112003641853,-2.951388419655346,5.257499620019532,-4.192202140984591e-16,0.018084628109104182,1.0020040080160317,-0.5487941257632571,0.1370189972232354,1.0951411010738938,1.2617145782998258
3.411382412333158,-3.430065311490219,6.841447723823377,-1.1368683772161603e-16,-0.2463270274309472,1.0020040080160308,0.5596364685247472,2.4314036856197663,0.8572512743661042,0.6220328669819112
2.7447824193157286,-1.7664912048454258,4.511273624161154,-1.0231815394945442e-15,-0.21117436847620646,1.002004008016032,1.1469891671768024,1.1081882976820645,0.9757308866206217,0.6564185929707705
3.001547115273843,-0.9897138032506291,3.991260918524472,-2.785327524179593e-15,-0.5135915215409553,1.0020040080160324,1.8298701984451733,2.0951115237893068,3.0851921374445492,0.7227249428088676
1.8591786966756654,-1.4426018979632032,3.3017805946388687,7.389644451905042e-16,-0.36542903965215023,1.002004008016032,0.4516513615552159,-1.3106681394194435,1.4957044599535194,1.8334659080105868
1.7500112182461856,-1.2665056001754267,3.0165168184216125,1.9895196601282806e-16,-0.2651279992447756,1.0020040080160317,0.3682637730744434,-1.4127771291967357,1.8864889676238845,1.924668569280802
1.888027805201216,-1.2236931688248676,3.111720974026084,6.892264536872972e-16,-0.3124627388262239,1.0020040080160317,0.4521216364983626,-1.3367808058500874,0.9577193364672811,1.8751581932053405
1.6824132483004293,-1.3259437598784747,3.008357008178904,1.5987211554602254e-16,-0.20321823390795757,1.0020040080160315,0.26125482891034796,-1.4734155326893674,1.2427873061073074,1.9581908841288251
1.7577885069045496,-1.3204945724399082,3.078283079344458,2.9309887850104134e-16,-0.19360295458700233,1.0020040080160326,0.2889962769961852,-1.465906813729938,1.258635158592523,1.9929824105721399
1.6414277294858757,-1.426509789308107,3.0679375187939826,6.039613253960852e-17,-0.15106283071859222,1.0020040080160322,0.22120309299780475,-1.5152341609058233,0.9131579118675432,1.9978215614816983
1.5476669468905753,-1.4041709845534112,2.951837931443986,1.7763568394002505e-17,-0.1942519733361095,1.002004008016033,0.18717027902408737,-1.5807281815608611,0.820038800028824,2.0606462539672954
1.5779525985388765,-1.4312996566749552,3.0092522552138314,5.089262344881717e-16,-0.18748845202822217,1.002004008016032,0.16086172187889988,-1.6069770264208079,1.1036220540466601,2.0727258773080814
1.6155312400563717,-1.3626477153358483,2.97817895539222,7.247535904753021e-16,-0.1348626915741666,1.0020040080160328,0.16514337987953834,-1.582988332144906,1.1420274214599953,2.0482555150979533
1.6611433884278675,-1.4278058690066948,3.088949257434562,9.414691248821327e-17,-0.13358378991419617,1.002004008016032,0.18622936770786053,-1.5323945808084527,1.2851394893875796,1.9935409439703675
1.5642941809694804,-1.376360849738249,2.9406550307077293,3.801403636316536e-16,-0.21331370850267878,1.0020040080160313,0.2165588699355558,-1.5891940733517045,1.3413959785450915,2.047581579920716
1.6485273498721196,-1.3128228190812588,2.9613501689533783,-1.2789769243681802e-16,-0.2822711573076591,1.0020040080160317,0.33519012529868514,-1.446108499369551,1.375856384901329,1.9470041790815162
3.1663909955545337,-1.2028781829912885,4.369269178545823,-2.2168933355715126e-15,-0.30021441258553805,1.0020040080160315,1.258483057840977,0.9551188263027388,0.7584659689937183,0.8890777816322317
2.759518993194894,-2.242560850102956,5.0020798432978495,-7.673861546209082e-16,-0.3074271749090703,1.0020040080160326,0.5497287083385094,0.2558567566596639,1.865823604192302,1.1112125189699746
1.5149128466660164,-1.8127641067228104,3.327676953388827,3.6237679523765107e-16,0.1899642021748531,1.0020040080160326,-0.19329413971139361,-1.4185915535172509,1.3039791457968908,1.851108563507212
1.3261317616213315,-1.7658593644650207,3.091991126086352,1.9539925233402755e-16,0.3132399555495181,1.0020040080160317,-0.32392703429349406,-1.4625440976460315,1.28401189293778,1.9798110686897052
1.6536286994253213,-1.761910152439102,3.415538851864423,2.2648549702353194e-16,0.2818200858742056,1.0020040080160328,-0.24782975800659823,-1.4147875723654715,0.9771614436215389,1.8882734424137806
1.4683756314380534,-1.7918575692059584,3.260233200644012,-7.673861546209082e-16,0.23722341223787616,1.002004008016032,-0.2429335848238752,-1.3971301273698136,1.008220602695874,1.8567919858311033
1.5182223610402927,-1.8389231202433463,3.3571454812836388,-3.659295089164516e-16,0.27434630481784583,1.0020040080160317,-0.33701622099852174,-1.326937759642566,1.1988584498736898,1.8673175557118928
1.6274469863364192,-1.7459120001995183,3.3733589865359375,-1.9895196601282806e-16,0.2873183371760879,1.002004008016032,-0.2891496564193164,-1.3953061338813433,1.0671382933589306,1.8922595260516797
1.6237190647255137,-2.059078636755029,3.682797701480543,-6.536993168992922e-16,0.31135398005271414,1.0020040080160315,-0.3520600502297209,-1.075520647886794,1.318409478325302,1.676555858911926
1.6243763041349024,-1.6653236220443461,3.2896999261792486,-3.144151605738443e-16,0.2872109749040853,1.0020040080160308,-0.24170460573290822,-1.4821360178056069,0.7594963928583104,1.9558143312227876
1.3906745223729011,-1.7533089349491469,3.143983457322048,1.7053025658242405e-16,0.25909127570320667,1.0020040080160328,-0.25680296099978916,-1.4713706479651705,1.413109449136306,1.9398205102754886
1.6873464709335286,-1.858147499840845,3.5454939707743733,4.263256414560601e-16,0.28416958518360536,1.0020040080160324,-0.29920480462643345,-1.1911652496142593,0.9997528030959278,1.7495181976694663
1.5448571007078513,-2.0400170018986197,3.584874102606471,2.842170943040401e-17,0.21329113318608872,1.0020040080160317,-0.24977941929159336,-1.3212573957846463,0.8555101491854455,1.8427798370888215
2.461815322140947,-1.7542773479290998,4.216092670070047,1.7053025658242405e-16,-0.36871087076071574,1.0020040080160315,0.6950618862541901,-0.5508324655042238,1.28483841813058,1.4175752351187039
4.485467739118563,-1.7617685154124167,6.247236254530979,-6.394884621840901e-16,-0.13200883995149354,1.0020040080160317,1.444082631364797,3.9542719164451916,2.8086833243057647,0.9549759652507982
2.434038052672763,-2.972099611339868,5.406137664012631,1.4352963262354025e-15,-0.2655486982087489,1.0020040080160328,0.438050546666799,0.41774047656398183,1.4913243612423814,1.0431696871448144
2.332168133201832,-1.3076387139481649,3.639806847149997,-4.547473508864641e-16,-0.49275426484293755,1.002004008016032,0.8379972545886454,-0.6336376375557085,1.3315921528443702,1.4772477183937174
1.7945038854360766,-1.4060627657004237,3.2005666511365005,-4.636291350834654e-16,-0.17254211060852886,1.002004008016033,0.24720095565204941,-1.3875383847545713,1.1366789212734778,1.8897270242050428
1.754310171610981,-1.4165137875632,3.170823959174181,-4.014566457044566e-16,-0.1442826111444259,1.002004008016031,0.22382777710697757,-1.44724597558407,1.3512470133519554,1.970293912538977
1.7838177308481125,-1.3781014455171121,3.161919176365225,-4.227729277772596e-16,-0.1469338269705559,1.0020040080160317,0.2647709007412271,-1.4228470666133104,0.7458306819330779,1.944208908839792
1.6973853319769006,-1.3650169400352477,3.0624022720121484,-3.6415315207705136e-17,-0.16718997270077735,1.002004008016033,0.2100163720442013,-1.4951896963819586,1.4552188220423605,2.0008627533033323
1.6843809210690313,-1.4103490076301464,3.0947299286991776,-1.0125233984581428e-16,-0.10850935537400896,1.0020040080160326,0.1653049056543332,-1.4953836092524686,0.8878538814804486,2.029274065161246
1.5822937442169114,-1.416272946876112,2.998566691093023,4.440892098500626e-18,-0.17753391651821393,1.0020040080160317,0.1672496296935455,-1.5767953712790772,0.8991252139119357,2.034572228136491
1.658094171456207,-1.507940553759217,3.166034725215424,-4.347633364432113e-16,-0.0967565770595685,1.0020040080160317,0.07127769078496028,-1.5562247657626553,0.7851723862768113,2.0080276347873722
1.5910317458001744,-1.4645870376279324,3.0556187834281068,-4.1211478674085813e-16,-0.08923604302573873,1.0020040080160317,0.07894709948546641,-1.5934647719182378,1.274922802199677,2.0364437649301097
1.7233705749845982,-1.4803548051232376,3.203725380107836,-7.212008767965017e-16,-0.06859505689187814,1.0020040080160324,0.07382941075291495,-1.5673386779712832,0.8286653325969711,2.010134041690015
1.6467314916044795,-1.411390982276539,3.0581224738810184,5.613287612504792e-16,-0.14623886163424146,1.002004008016034,0.11776278987618484,-1.6169349007416052,1.4837886887217582,2.0227821259631424
1.5332772634664658,-1.4270616535234855,2.960338916989951,-4.1744385725905884e-16,-0.08108811638814703,1.002004008016032,0.05573802009650175,-1.5800398812783447,0.9042300698738618,2.0318892400927426
3.7596657077111955,-1.3085087836736429,5.0681744913848386,-4.831690603168682e-16,-0.39748126880614376,1.002004008016033,2.2071056741374147,4.48189854813937,2.180617336131617,0.7049790354226593
3.578222605243118,-2.2124714623367363,5.790694067579855,8.5051965470484e-15,-0.011778724102055096,1.002004008016032,1.3852042761786525,2.789909799103007,0.9296623351128642,0.9810484985752429
1.7631357316756497,-1.5837180275819955,3.3468537592576455,6.110667527536861e-16,-0.09855046221118412,1.002004008016032,0.22975741183644816,-1.283332224699692,2.2927892258870917,1.7805228856667354
1.589302362366532,-1.8190643696463946,3.4083667320129267,1.1510792319313623e-15,0.09832120057695506,1.002004008016032,-0.14695206686603685,-1.4050353201794286,1.1629797768219605,1.937767053987125
1.42001522675608,-1.7598283480697507,3.1798435748258305,-7.815970093361102e-17,0.13948741493486871,1.0020040080160324,-0.2383850999895537,-1.4045658052884114,1.3728988082793947,1.9298518170315964
1.5106487944034601,-1.8325119979338025,3.3431607923372626,-2.7355895326763857e-16,0.23646730797957594,1.0020040080160326,-0.34154147208472313,-1.3420194067633253,1.2900168466199398,1.87117869970169
1.411393022977297,-1.7773031035283922,3.1886961265056892,-1.6342482922482304e-16,0.1388087320822395,1.0020040080160326,-0.23552214693873946,-1.4323879345692183,1.1291000613022906,1.9936529775346692
1.4638043338775564,-1.8996376256480112,3.3634419595255673,0.0,0.18114139713068944,1.0020040080160326,-0.3043487431196438,-1.327212181768512,0.9603039577862051,1.8463781175045093
1.5776464576597482,-1.9272745766213268,3.5049210342810753,5.542233338928781e-16,0.21994126487682525,1.0020040080160315,-0.33166137580073873,-1.2707516081584516,1.4504291294358658,1.8437036262996798
1.548590359132645,-1.8699487512738104,3.4185391104064555,4.476419235288631e-16,0.1622972931361708,1.0020040080160324,-0.2944413038196334,-1.3348445998730059,1.026902702783639,1.8638443560568976
1.4737202569951342,-1.9043007859995498,3.3780210429946838,1.2789769243681802e-16,0.14982522315077207,1.002004008016033,-0.2684664783454581,-1.3378789601944363,1.4631298144634004,1.8449329644210026
1.5557941672363758,-1.8737066694872546,3.4295008367236304,-6.394884621840901e-17,0.21335500664584,1.0020040080160322,-0.3189454980855725,-1.2919820267276743,1.643482501897555,1.8286558150887995
1.4926598539773315,-1.9211872097425469,3.4138470637198783,-1.5631940186722203e-16,0.16281918410211,1.0020040080160317,-0.28163410717527887,-1.3206747459776704,1.323401845227511,1.855457907466168
1.5663941531523573,-1.7247433657338165,3.291137518886174,-2.7000623958883806e-16,0.10027665913477576,1.0020040080160317,-0.18267678480691013,-1.4132425648434828,1.5336106321687912,1.9487804333047745
3.231057573961783,-2.256030065312505,5.4870876392742876,-1.0587086762825492e-15,-0.1592517480537316,1.002004008016031,0.5700713844627584,1.2037517379144886,1.0504568940214467,0.9237231675484502
3.2744473080620335,-1.7532787905423404,5.027726098604374,-7.389644451905042e-16,-0.29873358462469735,1.002004008016032,1.6162576102226003,2.497882307844409,2.615879040324413,0.5597599537634996
1.853311063473509,-1.4713431986934566,3.3246542621669657,4.1211478674085813e-16,-0.12809741228437954,1.0020040080160322,0.139946348532086,-1.5274770823235038,1.5019940398982636,1.9856839121404886
1.6791246505369481,-1.5216292992824163,3.2007539498193642,-3.304023721284466e-16,-0.08293764948662496,1.0020040080160317,0.0849097974541437,-1.5101971612303087,1.0349975177792115,2.0064420945390444
1.5645218068911306,-1.5784340488994884,3.142955855790619,3.872457909892546e-16,0.008397893665484072,1.0020040080160317,-0.005233606456669144,-1.4984485649332597,1.2400636881514027,1.9931667959664834
1.5881804409317488,-1.6079805615097305,3.196161002441479,5.115907697472721e-16,-0.06124117331313429,1.0020040080160324,0.10442022100974277,-1.508172715379704,0.50501505166959,2.031576566856149
1.4685532359995122,-1.5581700992825078,3.02672333528202,6.536993168992922e-16,0.07134143522339718,1.0020040080160326,-0.09998197066510615,-1.50947514401385,1.1079201581772224,2.0563012310232223
1.542781775044891,-1.5088023438707636,3.0515841189156543,-5.808686864838819e-16,0.03731869097772432,1.0020040080160315,-0.03179899034183201,-1.5219624058863177,0.7545849285798535,2.085524663837859
1.3737449824560108,-1.5146560481244644,2.888401030580475,-4.263256414560601e-17,0.05713538266526723,1.0020040080160324,-0.03944754259399842,-1.594101193934347,1.463412826915435,2.110278024061027
1.543063228930571,-1.78650220939631,3.329565438326881,-1.1368683772161603e-16,0.1646562738290629,1.002004008016032,-0.16338791854892964,-1.4095278479229536,1.063102624238211,1.860219947701317
1.4663801199170794,-1.8383582618959244,3.304738381813004,-3.836930773104541e-16,0.263569188113294,1.002004008016033,-0.32130407806465044,-1.3280607919456515,0.9604637342579244,1.7576669249218555
1.5121930830591943,-1.6558533212675115,3.168046404326706,3.6237679523765107e-16,0.05253988471380117,1.0020040080160326,-0.10778274818980131,-1.463803644172476,1.0964667666027805,1.994565855163977
1.4774402051966877,-1.6646703450477514,3.142110550244439,3.1619151741324457e-16,0.132340462982255,1.0020040080160322,-0.13786298781416212,-1.523780524914866,1.3876213950576755,2.0294973052740435
2.1940716294675893,-1.4286488856793476,3.622720515146937,2.842170943040401e-16,-0.516087279702925,1.0020040080160317,0.9452973528356634,-0.5027784173916228,1.6101004446093723,1.283056152090582
2.429216794298506,-2.1425103923722935,4.571727186670799,-8.313350008393173e-16,-0.05314240201047937,1.0020040080160326,0.09532824171238842,-0.4173419631722415,0.9512716262438269,1.2053470858573334
3.2253684644094616,-0.7477917458286146,3.9731602102380763,6.252776074688881e-16,-0.36498324378513314,1.0020040080160324,2.214826300602903,3.610713886135367,1.8712687705722786,0.3623019030320902
2.832836102564267,-2.076616947760357,4.909453050324624,-5.968558980384842e-16,-0.19699670416595305,1.0020040080160313,0.8498586623051372,0.4302994324856053,0.6068678185959739,1.015434828731651
2.684763697027031,-2.2540954739247985,4.9388591709518295,-3.524291969370097e-15,-0.23559171639692333,1.0020040080160322,0.6553967144242819,-0.14606117249163209,1.1784607239540779,1.2457151749456816
2.2977019347636696,-1.960009435749365,4.257711370513034,-4.760636329592672e-16,-0.1802335571511552,1.0020040080160328,0.5975643475866824,-0.26930854364752665,0.7791693577975446,1.0989337905044976
2.7361485682497886,-2.366364426607597,5.102512994857386,-4.050093593832571e-16,-0.12109191098454969,1.0020040080160315,0.33782260757001326,0.4071511299307802,1.0278730117271608,0.8322887997101472
2.570752713742192,-2.1638420330996238,4.734594746841816,-1.7763568394002505e-18,-0.0674117811522977,1.0020040080160333,0.3868196666619038,-0.0010290854851500164,1.5598103947146202,1.116032012717119
2.7439938214096147,-2.1684049531605307,4.912398774570145,-2.177813485104707e-15,-0.14761641272470982,1.0020040080160313,0.34129418668363587,0.21317351881445745,0.6857247376405011,1.1562665230690965
2.6715620506497744,-2.35165060874049,5.023212659390264,1.7763568394002506e-16,-0.12482967361378239,1.0020040080160317,0.4258663470560935,0.3319186014406448,1.1880541520350023,1.003194865943604
2.885938043203574,-2.4852152657957918,5.371153308999366,-2.3447910280083307e-16,-0.23405363278047278,1.0020040080160324,0.5403029069173935,0.2824754200368713,1.5292403585174026,1.0511190048363348
2.980549929526625,-2.1883560889357323,5.168906018462357,9.876544027065393e-16,-0.12203935248720231,1.002004008016032,0.46593190872067375,0.23528310698630683,0.6488651285388525,1.11125993837629
3.3430278271556895,-1.996978299559962,5.340006126715652,-6.252776074688881e-16,-0.10878625245962499,1.002004008016031,0.8701866486144314,0.9005555059339097,1.1413132166325999,1.2083221322985378
3.4168729920082885,-1.3782133025502672,4.795086294558556,-1.3073986337985843e-15,-0.3055643373626623,1.0020040080160322,1.400408122825225,1.6357138358195225,1.0550760086708248,1.1275978005229457
2.8225272233102023,-3.2811776076206454,6.103704830930848,2.1032064978498964e-15,0.0875666684601788,1.002004008016033,-0.15477434629889425,0.4308632672458419,3.083475815971953,1.2532910516620577
2.5505415404749106,-1.9031927111188724,4.453734251593783,3.669953230200917e-15,0.07541484449309953,1.0020040080160308,-0.012250686142579724,-0.6864167360142552,0.6935776139504395,1.5057657783223983
2.7873624233146663,-1.9490013476640358,4.736363770978702,-4.9737991503207014e-17,-0.05705438653021497,1.0020040080160328,0.27477428949457583,-0.39481853612447715,1.2692066957598516,1.4267613878129177
2.5933372734895785,-2.2117181316160583,4.805055405105637,-3.2525093729418585e-15,0.06232546326478569,1.002004008016032,0.09086648035847532,-0.6555774664683067,0.7598853494602825,1.582121661471214
2.7203582563389475,-1.7885041165645439,4.508862372903492,3.943512183468556e-15,0.06391057370333626,1.002004008016032,0.36609724744325267,-0.41383163654351485,1.1954416010586428,1.37942693962537
2.912347102671517,-2.3121572665861088,5.224504369257626,2.2026824808563106e-16,0.04481164458759421,1.0020040080160328,0.05725764025121385,-0.3452194140741831,1.287532385812879,1.5238993033306012
2.8430562021379204,-1.9825121771440675,4.825568379281988,-9.467981954003335e-16,-0.016527957299757593,1.002004008016032,0.27816362737284367,-0.3793723196687462,1.2263338438704297,1.3416319755267745
3.0351425132975107,-1.804613076450762,4.839755589748273,-1.5845103007450234e-15,-0.04782324486015452,1.002004008016033,0.33481264416699175,-0.2379205151405399,1.4695824606236636,1.3670157221235963
2.8131714208079326,-2.1209860810082977,4.93415750181623,4.924061158817494e-15,0.05000873323832795,1.0020040080160322,0.2414240406709338,-0.23004845033350563,1.2385791425908086,1.3114547184867065
2.83576430632873,-2.4675387117192686,5.303303018047998,-8.668621376273222e-16,-0.06522606335169484,1.0020040080160326,0.27437500862146996,-0.045246961726860935,1.0234421278961365,1.2593060188867615
2.3892325323103196,-1.224484310607643,3.6137168429179627,6.252776074688881e-16,-0.4800253044433538,1.0020040080160324,1.2097441135807863,-0.10612848106872708,0.6884949283386456,1.0650937556975013
2.427244462990859,-2.6196279446129145,5.046872407603773,1.5205614545266144e-15,-0.034114149821653686,1.0020040080160315,-0.02399829078135734,-0.3781182028315748,2.9244851610840676,1.3926064128928104
3.3013556186092066,-2.131160591950103,5.43251621055931,1.9539925233402757e-15,-0.0457016605480495,1.002004008016031,0.5656491861269568,0.5454886062505468,0.8135653943798753,1.2488404263800852
2.777165490117883,-2.4230995951635217,5.200265085281405,2.1458390619955025e-15,0.06566820417691754,1.0020040080160317,-0.2010005209489928,-0.07425152428151716,1.2071072656705322,1.3322134308737943
2.3485991188196227,-2.5611556952123467,4.909754814031969,9.947598300641403e-17,0.04939596026904877,1.002004008016031,-0.22788288299888063,0.1557856996498992,1.2040406447730128,1.0188209619491382
2.497435698505318,-2.445065347053482,4.942501045558799,-1.4495071809506043e-15,0.08697100159376753,1.0020040080160308,-0.31816560866084515,0.15880699107276275,1.1167277892242344,1.082514018473248
2.528768986657288,-2.4703502705486957,4.999119257205984,-3.858247055177344e-15,0.09871188100309367,1.0020040080160315,-0.2558843511337404,0.32521443572857,1.5304174959594012,1.1118339056659794
2.6603325075961095,-2.6636287694841223,5.323961277080231,7.034373084024992e-16,0.04481811948370941,1.0020040080160324,-0.1333072497694465,0.43158800030306743,1.7994355780766085,1.0399124731853293
2.6297808948915,-2.3974261714428473,5.027207066334347,4.725109192804666e-16,0.045118313335024016,1.0020040080160313,-0.06352049350323101,0.1639944355752414,0.5510751203571475,1.105340642192286
2.4977101967498245,-2.3874756208694854,4.88518581761931,-2.2879476091475227e-15,0.05209488729249887,1.0020040080160326,-0.10988384853982813,-0.012749309954175558,1.3636593738864478,1.2169437184884693
2.3464854842985035,-2.307597105659772,4.654082589958275,-2.0463630789890884e-15,0.096813763916494,1.002004008016032,-0.39924439965914965,-0.09096665932122328,0.9251941126733821,1.2184672256459181
2.8452940761098775,-1.3142122875423372,4.1595063636522145,-9.663381206337363e-16,-0.47822171329444196,1.0020040080160313,1.156616827097558,0.36539674003782885,1.9313861329100734,1.467270084316135
2.0741031514981967,-1.9662917628548304,4.040394914353027,1.2789769243681803e-15,0.17360783524043594,1.0020040080160324,-0.17092130863279006,-0.8669551575893113,1.7757222974482088,1.5694610125723645
1.7672961770852682,-2.0504416991620764,3.8177378762473446,2.5579538487363605e-16,0.20117873845772816,1.002004008016033,-0.34765373887906137,-0.9808893854881999,0.5033726138509839,1.6685641072297583
1.9630006152125463,-1.7594274409694632,3.7224280561820096,-4.085620730620576e-16,0.09364193432742793,1.0020040080160315,-0.06986887040839902,-1.0392563033243656,1.0218026573176011,1.6211064297549567
2.0548261328525914,-1.6963853452765947,3.751211478129186,0.0,-0.14754489502269152,1.0020040080160317,0.4103159330089754,-0.8208873961461234,0.5531426800672622,1.5952856012982306
1.6693617408946053,-1.7590159213528447,3.42837766224745,1.9042545318370686e-15,0.1751711998537801,1.0020040080160324,-0.17977025683766595,-1.3167992642003299,0.80350731810553,1.785508313090833
2.0739598696788373,-1.9261656420152045,4.0001255116940415,2.3092638912203257e-16,0.08615183576122737,1.0020040080160324,-0.04717680374102325,-0.9504013844578258,1.312802959467146,1.637851781854824
1.8256489899096864,-1.7025583295614288,3.5282073194711154,-1.2292389328649732e-15,-0.05245251031013707,1.0020040080160317,0.13375940287059473,-1.2955846390677241,0.4818733496189857,1.8158854320948767
1.968710401743191,-1.9042921856691355,3.8730025874123264,7.673861546209082e-16,-0.06092748901565942,1.0020040080160324,0.15009248082014567,-0.8911589108639717,0.7088391307382882,1.5816541322475852
2.2280163245115836,-2.150655943054231,4.378672267565815,-1.7195134205394424e-15,0.09195852931339127,1.002004008016032,-0.16600374815111052,-0.5374158915974898,0.9997610025379228,1.409806683714637
2.1834369703428376,-2.088772884042606,4.272209854385443,6.536993168992922e-16,-0.2675822667453265,1.002004008016031,0.36251820364696963,-0.6561716989654185,0.9767203006406562,1.522477629906267
5.2588619288567715,-1.791471412783128,7.0503333416399,9.730882766234572e-15,-0.1175915054730736,1.0020040080160308,0.9366109229165104,2.2717863075061753,2.9969696549907545,1.2979911459910385
2.6628679403361875,-1.7515544889404682,4.414422429276655,-5.258016244624741e-16,-0.02461717070543199,1.0020040080160317,0.29520621684769477,-0.514303841324705,1.904267779020685,1.4207845823483032
2.628370833741201,-1.8798551081679165,4.508225941909117,-1.0818013151947525e-15,-0.03295814334902622,1.0020040080160317,0.26056078944383193,-0.6929449292635721,0.979999484329463,1.6240129329740953
2.881569321729754,-2.1922586200400875,5.073827941769842,1.8682833058392134e-15,-0.00629900144043216,1.002004008016032,0.34562284022568124,-0.06744006452364815,1.0389710561410455,1.3927569108806845
3.246451077486751,-1.965060672795647,5.211511750282398,-5.6701310313656e-15,-0.08539851570903512,1.0020040080160326,0.5056184759810614,-0.0029968532333319864,1.4392810502367643,1.3883054982793572
3.1368126495091126,-2.228685425300537,5.36549807480965,-3.637978807091713e-15,0.00017438286685518144,1.0020040080160326,0.3241427506336347,-0.007326492988295907,1.3564409196077474,1.239932878344817
2.4072212190341538,-1.8872447753577901,4.294465994391944,2.842170943040401e-15,-0.02081704756915147,1.002004008016032,0.13136241724765924,-0.7858067417529382,1.2323485352561419,1.557838104688741
3.168239699552225,-2.6081433165349543,5.776383016087179,7.572609206363268e-15,-0.049805409501175055,1.0020040080160324,0.31805967686807807,0.26915816985048435,1.3496683873053537,1.41575354400131
3.81975433743071,-1.8193179428480069,5.639072280278717,2.842170943040401e-16,-0.12352889480347354,1.0020040080160326,0.6431250411949948,0.7037451010632223,0.780931212868537,1.326475643584711
3.2545769910566347,-2.091002072453452,5.345579063510087,-7.86926079854311e-16,-0.09305961185310319,1.002004008016031,0.48229169859860865,0.34803739676780676,1.2017768139827967,1.18853577057636
3.1348299049854926,-1.7746681669233861,4.909498071908879,-4.405364961712621e-15,-0.22103558537349988,1.0020040080160326,1.2625671156428653,1.580963865856305,0.7395256944776915,1.018647822699959
3.4357206389228403,-1.4413068248922964,4.8770274638151365,-2.2737367544323206e-15,-0.2415921077683749,1.0020040080160328,1.814050673379166,3.076045783330636,2.9374518854628904,0.638069396606546
3.292347865741068,-1.8327923735919331,5.1251402393330014,6.536993168992922e-16,-0.23794151559600207,1.002004008016032,1.331993993710675,1.9265046808942938,1.163977464203936,1.02422767796753
2.441714664098384,-1.6196097776476472,4.061324441746031,-1.5063505998114124e-15,-0.22704885863655402,1.0020040080160317,0.6116497923263807,-0.5958577056099181,1.4526166227726438,1.4063029452156786
2.3395971930089874,-1.8709521603097456,4.210549353318733,1.3322676295501878e-15,-0.09947291364751168,1.0020040080160324,0.35909205025281565,-0.7099236181528155,1.218332872481161,1.5525573554727543
2.290731731605563,-1.931254483980092,4.221986215585655,2.1316282072803005e-15,-0.05922248603473896,1.0020040080160322,0.3916407915821729,-0.6545044481482196,1.1078453021624868,1.5223858319120618
2.6154104669578846,-2.0698121434671126,4.685222610424997,-9.201528428093298e-16,-0.23576237865831745,1.0020040080160315,0.6441737142180521,-0.25795167003608377,1.7422262833952626,1.3131925889388874
2.92496269962324,-1.925265811980276,4.850228511603516,1.3002932064409833e-15,-0.21971948720353918,1.0020040080160324,0.5873474948496005,-0.29406609545688056,1.0670390490360002,1.2094469784536463
2.6581435455778313,-1.581327576377868,4.239471121955699,-3.0837554731988348e-15,-0.2306860321553768,1.0020040080160322,0.7092960913553485,-0.2624469559751903,1.1418842442257633,1.4622058889918779
2.066823515302065,-1.720043807789452,3.786867323091517,-2.856381797755603e-15,-0.18826084946784372,1.002004008016032,0.49869746020925476,-0.7468349341773353,1.540054792602611,1.356571373207115
2.2591611943418846,-1.5547583397813303,3.813919534123215,-4.476419235288631e-15,-0.21075790208576833,1.0020040080160326,0.511421832920441,-0.838355659401175,1.0435662772098417,1.559322659960459
2.6491974032604264,-1.5923283589840511,4.2415257622444775,-3.0411229090532287e-15,-0.30989366640120364,1.0020040080160308,0.8136190083020892,-0.22797681888537813,0.6452831226431971,1.3189746970698502
2.7321647828391713,-2.2534855897324078,4.985650372571579,-9.094947017729283e-16,-0.2281316331039334,1.0020040080160313,0.7705986054515529,0.12767123504336375,1.1282305952230771,1.2806046915974316
2.5936757481326906,-1.8263978289910834,4.420073577123774,-4.547473508864641e-16,-0.2572276319566096,1.0020040080160326,0.6040485889763973,-0.3771673901731005,1.121349221005313,1.3687998126011118
2.829131472054225,-2.151668811270822,4.980800283325047,2.0250467969162854e-15,-0.21094184221373372,1.0020040080160306,0.6047244562619787,-0.05929349602983125,1.2295013276247628,1.3192013754839476
2.2541089305433557,-1.6401813297120083,3.8942902602553637,-1.5347723092418164e-15,-0.29977253165776374,1.002004008016031,0.6493321643595246,-0.5444185571591573,0.47661353747642216,1.3381540263935618
2.3914954149983236,-1.67043467081716,4.061930085815484,-1.5774048733874224e-15,-0.23219627375126667,1.0020040080160326,0.6454715717781028,-0.4790551182004079,0.9567352146015025,1.42803514609193
2.3512637612024023,-1.809332118515851,4.160595879718254,-3.723243935382925e-15,-0.24793998427611227,1.0020040080160326,0.6154081765733839,-0.5207099423477448,1.1386206954215672,1.3299313190762225
3.4249775493005825,-1.6005958861193414,5.025573435419924,-1.3216094885137863e-15,-0.2269598399865116,1.002004008016032,0.6696821249754871,-0.25453811176602237,1.1353761142883754,1.4624352354646248
2.6580161889193046,-1.6748332944016273,4.332849483320932,1.2789769243681803e-15,-0.28105608281651706,1.002004008016031,0.7532470319517378,-0.2973698260048976,1.5615342443086415,1.3487730299634293
2.828749781527292,-1.5768428508018428,4.405592632329135,1.4210854715202004e-17,-0.191742684157565,1.002004008016032,0.8211159797640505,-0.07691481095515362,0.741793331059471,1.3305680484268674
2.7281584544013606,-1.724124761553727,4.452283215955088,1.7976731214730535e-15,-0.17755986375030014,1.0020040080160324,0.5642307117202535,-0.4487777351646036,0.5049643977366428,1.4896463509557571
3.0305107294737605,-1.5822314616989026,4.612742191172663,-2.6822988274943782e-15,-0.22354930621984376,1.0020040080160326,1.2767862303182294,1.45655756774832,0.7633628154753677,0.9199822173222924
3.035403572477914,-1.1228168530629719,4.158220425540886,6.039613253960852e-16,-0.3090781354262035,1.0020040080160333,1.6385113177674655,1.876061753530966,2.0963162029320173,0.9173062946851145
2.701625571880077,-1.6181732161556692,4.3197987880357465,7.815970093361102e-16,-0.06291051066938715,1.0020040080160317,0.41057303902862824,-0.6747705724784616,1.841612930638241,1.579122100596701
2.2788182465672104,-2.0438488092612253,4.322667055828436,1.3216094885137863e-15,0.02686796920034744,1.002004008016031,-0.0928416040749376,-0.7940713986349031,1.3560805710220212,1.5340840209960613
2.050702354131748,-1.745595109438552,3.7962974635703004,6.821210263296962e-16,0.17242884483761078,1.0020040080160322,-0.026927182804310137,-1.1844825947876312,1.2996571134034567,1.775483720632376
2.5539055611793278,-1.8604176968955484,4.414323258074877,-3.481659405224491e-16,0.05050324629829281,1.0020040080160322,0.014117803681165069,-0.9255416775832863,0.9485902951424479,1.6384001666884995
2.3086955963732008,-1.8471418534644493,4.15583744983765,1.6910917111090384e-15,0.00378299427308808,1.0020040080160324,0.0665840841802752,-1.0243408521602257,1.1650924342824163,1.6647888674550972
2.6944076766174208,-2.054327601919899,4.748735278537319,-3.268496584496461e-16,-0.05966187589726607,1.0020040080160337,0.22358109270348228,-0.5013571222707025,1.341140343612451,1.4923893642364208
2.5708666838764094,-1.6424024225360963,4.213269106412506,-2.7000623958883806e-16,-0.020567514840364547,1.0020040080160317,0.253541506212632,-0.8355675519217809,0.6642218351196594,1.6480054819180459
2.12190899880303,-1.7931343057635545,3.9150433045665842,3.627320666055311e-15,0.05910811538576597,1.0020040080160322,0.07353730388518936,-1.1489688060114613,1.075330431598285,1.6939549374170655
2.311711037413401,-1.674442371870175,3.986153409283576,1.8474111129762604e-16,0.13898452415067272,1.0020040080160317,0.06889142469856152,-0.9891277070462072,0.5936083961779325,1.6493133227113552
2.4561693397197772,-1.6715806327522225,4.1277499724719995,7.815970093361102e-16,0.007377647523784949,1.002004008016032,0.29264190976210613,-0.7425874932093919,0.9504614635558474,1.6275883881231108
2.069624739686216,-1.7791095470558607,3.8487342867420766,-4.04298816647497e-15,0.05111139782374516,1.0020040080160317,0.09117986041342081,-0.9986778194924182,1.1092983515465988,1.588603541938233
2.5699500821435515,-1.9829415989715455,4.5528916811150975,-4.192202140984591e-15,0.053044053415359366,1.0020040080160317,0.13341842765147813,-0.5636009261981165,1.251156905403227,1.475847005926763
2.2621278021874764,-1.8722795078507433,4.1344073100382195,2.0889956431346944e-15,0.14486340240705103,1.0020040080160322,-0.004786458707206342,-1.1150650773079078,1.3000365016930233,1.7037020397025886
2.2181785638971694,-1.8502680855748652,4.068446649472035,1.4779288903810083e-15,0.12628743507181883,1.002004008016032,-0.012246627033956747,-1.0312346552616476,1.0606410394213406,1.7317925604777957
2.413808119832588,-1.9533470625411604,4.3671551823737484,-1.4743761767022078e-15,0.10876609185787275,1.002004008016032,-0.0716687481375039,-1.0526778227255311,0.5360125533632604,1.6956072808816152
2.2930695446522726,-1.7140969891935434,4.007166533845816,3.1619151741324457e-16,-0.008430250479751435,1.0020040080160313,0.13256497757933752,-0.9033042694530753,0.8249578446077361,1.5867716689922473
2.112670740073167,-1.7355363406054756,3.8482070806786424,-5.517364343177178e-15,-0.03310305424626406,1.0020040080160324,0.13801986303812241,-1.1932001697902321,0.9991341838315193,1.745075942077424
2.4532226477135364,-2.02521141232779,4.478434060041327,4.490630090003833e-15,0.05632826000933176,1.0020040080160324,0.04555986332935884,-0.7468616252135538,1.3739354861992399,1.5016552017265252
2.292587864147262,-1.9078033016918405,4.200391165839102,1.2221335055073722e-15,0.07482393726236161,1.002004008016032,0.016692933632475725,-1.0622310368822203,1.128784217600291,1.6888316578305316
1.9516265110571311,-2.164064094723632,4.115690605780763,8.313350008393173e-16,0.1766060630579351,1.0020040080160328,-0.19463270554904794,-0.9822168701079743,0.9188078750488621,1.686269796725802
2.064747799757648,-1.8760142907554345,3.9407620905130827,-5.684341886080802e-17,0.06654292578413475,1.002004008016031,0.07917862763234752,-1.1311187305531283,1.4994595531778532,1.7048356088692893
2.528415028024003,-1.747273808832033,4.275688836856036,-1.0089706847793422e-15,-0.014138395854947774,1.002004008016031,0.2754594017794289,-0.8689988305219329,1.284627390291408,1.5795255984805592
2.1982802851086403,-2.290927489119392,4.489207774228032,2.1600499167107045e-15,0.04048934139943531,1.0020040080160326,-0.05620208176359559,-0.9795003619321263,2.068783146977949,1.6606660939962596
2.5715143721276714,-1.934768033840574,4.506282405968245,3.268496584496461e-16,0.09291343503859512,1.002004008016032,0.0076076785634660105,-0.9454306187540515,0.7383453555597952,1.7290595443805417
1.9420534060863488,-1.8392701107492537,3.7813235168356023,2.0747847884194924e-15,0.00504277535882161,1.0020040080160333,0.10293206851645699,-1.068967105973397,1.316571465687322,1.741307670736709
2.1697603472276703,-1.6902249878554318,3.859985335083102,4.263256414560601e-16,0.04444630375954377,1.002004008016032,0.027922303605284266,-1.1162593154833922,0.6249704299334291,1.679087094744032
2.45643154869031,-1.693398032652559,4.149829581342869,-2.7000623958883806e-16,-0.10022979841469963,1.0020040080160326,0.29079126533391064,-0.733488417460324,1.2818523361282745,1.5372280901977298
2.264228960820605,-1.9164849660398937,4.1807139268604985,-1.55964130499342e-15,-0.009617760332637339,1.002004008016033,0.19236511154039776,-0.8780703192800123,1.1120979059393996,1.63152085880497
1.7752928275939697,-1.889332908097074,3.6646257356910437,-3.730349362740526e-16,0.1252708803584895,1.002004008016032,-0.08034644433602044,-1.318668078365184,1.3022351839481312,1.7381566213411141
3.0282748074542245,-1.4281078101439106,4.456382617598135,-1.7053025658242404e-15,-0.2502434008699354,1.002004008016032,0.8566178530314792,-0.0943623073717883,1.3679459351991685,1.3789641648410726
3.1938430329459315,-3.196438787107033,6.390281820052964,7.434053372890048e-15,0.0032753766320246618,1.0020040080160322,0.26747078193096707,1.5297811302521178,1.4594889221376037,0.9110840726933488
3.563577524714451,-1.0723719663187263,4.635949491033177,1.1368683772161603e-15,-0.4375294451266103,1.0020040080160317,2.383294049961655,4.693917592323375,0.7034603691295083,0.38152438421764723
2.208415118719595,-2.2335379417571213,4.441953060476717,-8.668621376273222e-16,0.01669446391505658,1.0020040080160315,-0.05704804515224935,-0.756473108445813,0.8779033294298612,1.5638086730121994
2.3824398655047077,-2.017267002127331,4.399706867632039,3.481659405224491e-16,0.03433564817018886,1.0020040080160322,0.030474798620463796,-0.9501791410185798,1.251843175559257,1.6566758461971989
2.2970918751248375,-2.1318459860052643,4.428937861130102,4.547473508864641e-16,0.016255079274716023,1.0020040080160326,0.032334474219509315,-0.7810732664436681,1.4542308689278098,1.5857352448696536
2.3270744253810247,-1.78516632880419,4.112240754185215,-7.105427357601002e-17,0.06818035079379142,1.002004008016032,0.031152324002538184,-1.0010694063600285,0.9967177774596998,1.7644651539374052
1.942645268484201,-2.0889590910575313,4.031604359541732,2.033928581113287e-15,0.06395171361683824,1.0020040080160313,-0.1500323329753422,-1.1211866973013551,0.7230035050380096,1.7404431333398291
2.3045256684868973,-1.8915572742803446,4.196082942767242,-2.842170943040401e-16,0.0275228980045873,1.002004008016032,0.06432988896952248,-0.9457282552212507,1.2026890972235078,1.6575155613046486
2.1075744963056406,-1.8393488809075553,3.9469233772131957,-5.258016244624741e-16,0.056626840483149976,1.002004008016032,-0.03797890622393219,-1.0470095155182513,1.073924457257767,1.6241067402405323
2.3178248337177827,-1.9784153963084345,4.296240230026218,1.2221335055073722e-15,-0.008027384505988751,1.0020040080160322,0.06641004224741591,-0.9225760503005542,0.43919982678191394,1.563092614131947
2.786015798752126,-1.84249072954108,4.628506528293206,8.526512829121202e-17,-0.028313753728778653,1.0020040080160328,0.16575319753281992,-0.7825675151188642,1.197408229403533,1.5919091752432863
2.1963711189179698,-1.971460984565621,4.16783210348359,5.897504706808832e-16,-0.012672779438172698,1.0020040080160324,-0.012924561969044419,-1.0187502226292622,1.4280368280416802,1.684806268512978
2.4871723120748506,-1.7484853229883794,4.23565763506323,-7.549516567451064e-16,0.0003513987934910351,1.002004008016032,0.12597986460900615,-0.9151702694571933,0.7444113704814067,1.6662471804918138
2.4259010454552934,-1.9720557674621808,4.397956812917474,2.5863755581667646e-15,0.036086335527696925,1.0020040080160326,0.10531873947354417,-0.9054046791335657,1.7651555128799559,1.7195445473087898
2.183967764931496,-2.0302759399185453,4.214243704850041,-2.3518964553659317e-15,0.02668721776802164,1.002004008016032,-0.02541383792032662,-0.9968503578904517,1.038844528908803,1.6641995997444154
2.225819227210526,-1.7604290907200875,3.986248317930613,-1.8900436771218666e-15,-0.05725933870979469,1.002004008016032,0.05035036271383615,-1.195117234621021,1.144679084760581,1.8074488889743046
2.0630803178353805,-1.8977324414966685,3.960812759332049,-1.4921397450962105e-16,0.029139823260790815,1.0020040080160328,-0.07755457404375572,-1.0441359638382581,1.2414441854373728,1.6640588419554128
2.2224189164085804,-1.9960096870775694,4.218428603486149,-8.526512829121202e-17,0.028837233777649074,1.0020040080160315,0.11470342154554104,-0.9659650238166404,1.2331485745681745,1.6431691686051577
2.0163746521464785,-1.9354381718078224,3.9518128239543007,3.481659405224491e-16,0.11218945807693145,1.0020040080160326,-0.13903943362346372,-1.2150095523591748,1.510496883092776,1.779008674545972
2.109091758853932,-1.9910099807283173,4.100101739582249,8.952838470577262e-16,-0.0474030447524798,1.0020040080160326,0.0686693879402732,-1.0329945675394456,0.6827195080365441,1.6703331746417995
2.2946043343090388,-1.8511062476446258,4.145710581953665,2.842170943040401e-17,0.03477386278636303,1.0020040080160322,0.03723825933329389,-1.0645781569192483,1.2527773557509985,1.7179604271959017
2.4378836499300354,-1.9211637893326265,4.359047439262662,1.1795009413617664e-15,0.035205923825516336,1.0020040080160315,0.1639151609865775,-0.696416214806987,1.2515455185114737,1.541328023114744
2.109770892955768,-2.0057231710846333,4.115494064040401,1.5845103007450234e-15,0.07969224228993162,1.0020040080160315,-0.148464443976727,-1.1010316561557318,1.0997578634027068,1.7001676441848115
2.2843454419735676,-1.82775987160754,4.112105313581107,1.2363443602225742e-15,0.05730331011145786,1.002004008016033,0.08469124762968286,-0.8710280833800388,0.9050833333134879,1.6630125797031106
2.153030334214566,-1.888855417809777,4.041885752024343,-2.2311041902867146e-15,0.006610051242474791,1.0020040080160328,0.04379456081004621,-1.009767224141204,0.6227625741211754,1.6313431261675184
2.2438690527710077,-2.179082838987882,4.42295189175889,-2.0463630789890884e-15,0.046157068076750025,1.0020040080160313,-0.01112243148146207,-0.9094802822123462,1.3680599223786216,1.636139246588181
2.128989984110375,-2.240507398705384,4.369497382815759,-2.2382096176443156e-16,0.15426197673546074,1.002004008016033,-0.19638011667360736,-0.7968281856110133,1.1957362316075753,1.5249994257996184
2.259996710788706,-2.258365206454509,4.518361917243215,-1.0373923942097462e-15,0.032388027910053074,1.0020040080160317,-0.035082915212706074,-0.7019643909659417,1.2449274319798311,1.5026432639061098
1.669691499868897,-1.953146541891892,3.6228380417607893,0.0,0.206427206423049,1.0020040080160317,-0.3782952778775284,-1.09619321999976,1.0407929812346857,1.83150613887692
2.210586009020579,-3.0512045705123243,5.261790579532903,-7.389644451905042e-16,-0.05110472817958886,1.0020040080160328,-0.5331064033511854,0.9298975918134222,2.152552943624258,1.2420637147854579
2.0338151185081084,-1.6302465134367927,3.664061631944901,2.842170943040401e-16,0.12773345884626222,1.0020040080160324,0.01357843276613214,-1.1841671549991828,1.3449355449367546,1.834781101367521
2.2484536063339746,-1.6427301576641387,3.8911837639981135,-3.410605131648481e-16,-0.07155767407562952,1.002004008016032,0.28371357111781703,-0.9395873513050477,0.6716575318779855,1.6058866266468939
2.627296095935311,-1.4589045638774099,4.086200659812721,-1.1084466677857563e-15,-0.05607942779778942,1.002004008016031,0.49603018904700574,-0.4255122152490767,0.3197122600503386,1.5455326807549343
2.0228336402832534,-2.054102088064114,4.076935728347367,-1.0089706847793422e-15,-0.08459149338479463,1.002004008016031,0.1524709752349963,-0.7743122495039594,1.3321626013817258,1.6363285076019602
2.154698980722961,-1.4684190363060616,3.6231180170290225,9.094947017729283e-16,-0.27981298369274943,1.0020040080160326,0.4482838543234798,-1.111634456235306,1.2796234168069707,1.7518152152107482
2.0455296064171473,-1.8966192407304516,3.9421488471475987,7.958078640513122e-16,-0.032755368168019335,1.0020040080160313,0.05405668254087545,-1.0457971308463307,1.2588898999242872,1.626087843917861
2.3035233870351006,-1.6350607207087564,3.938584107743857,-3.552713678800501e-17,-0.20595600022937843,1.0020040080160313,0.3641998464914177,-0.9052329445830356,0.46083999624668887,1.5776786426931388
2.5382487790491557,-1.6819042215645423,4.220153000613698,1.4210854715202004e-16,-0.10528107320316075,1.0020040080160306,0.3637282850899567,-0.5578415537601309,0.6325288542402798,1.5444534182527392
2.420177537706831,-1.4583658408241325,3.8785433785309635,-7.105427357601002e-17,-0.13230528749021564,1.0020040080160328,0.4313116039189654,-0.9163782871914594,1.0310234352558592,1.6536234465636477
2.128617375543875,-1.5174732394702277,3.646090615014103,9.094947017729283e-16,-0.11489572290203792,1.0020040080160315,0.1977115494965416,-1.3075370143569005,1.2898415458820445,1.9022101439053412
2.1799556414937613,-1.5329591840817587,3.71291482557552,8.526512829121202e-16,-0.215391635517925,1.0020040080160324,0.5770258039559824,-0.6458049022553682,0.9190421368196191,1.4537652602874591
1.9378069692038309,-2.2045447304406225,4.142351699644453,-2.842170943040401e-16,-0.17706485244975256,1.0020040080160324,-0.04254996718632711,-0.8635637075795115,1.0428275840110008,1.6035388011765428
1.9772580913155322,-1.6940534957886153,3.6713115871041477,5.258016244624741e-16,-0.163149371977805,1.0020040080160324,0.1896851749827887,-1.0149155393070388,0.7033372651265664,1.6344768655580617
1.9425614909135196,-1.803358642699651,3.7459201336131707,-4.902744876744692e-16,-0.045998246490893,1.002004008016032,0.20939188222913815,-1.047324690696328,1.35742996632773,1.6877630044622514
1.99849713507034,-2.1790488050059165,4.177545940076256,-1.0942358130705543e-15,-0.07610344005183436,1.0020040080160313,-0.022540901570823304,-0.8900274862385054,1.049580528056776,1.6717754531273612
1.9130410144288408,-1.8383098146447758,3.7513508290736164,-1.1795009413617664e-15,-0.010080989312544494,1.002004008016032,-0.021817899630419066,-1.1121131881575728,0.6278817532291134,1.7250431088512777
1.937599884056653,-1.502201397854235,3.439801281910888,-1.1937117960769684e-15,-0.11376545994299024,1.0020040080160326,0.1807002409070795,-1.3087803482952989,0.7756748494189076,1.821109148315038
2.4306172298391306,-1.7959207263274621,4.226537956166593,1.1937117960769684e-15,-0.11571028113107182,1.002004008016032,0.4706882596158711,-0.5443014188457442,0.6406858381575157,1.4039904278480078
2.2843967554413664,-1.4088936378538897,3.693290393295256,-3.410605131648481e-16,-0.5310609114334752,1.0020040080160324,1.0040785067843572,-0.36425239037351176,1.204017990422417,1.4308012018663858
2.2719229498069606,-1.966625343852095,4.238548293659056,-4.689582056016661e-16,-0.0364875976124645,1.0020040080160322,0.263934165593209,-0.5233183104989645,1.881461793807223,1.3592977463194762
2.4987631802232912,-1.8771549692041385,4.37591814942743,1.6271428648906295e-15,-0.022463974206105835,1.0020040080160322,0.129096445698029,-0.679961757510275,0.8992715901598882,1.5246958206100931
2.3944761645140127,-2.00277521968756,4.397251384201573,1.6129320101754275e-15,-0.056591819098336785,1.0020040080160324,0.1402326323789007,-0.672401112970789,1.0174423073944114,1.4538798785579132
2.155091969680297,-2.018124272636515,4.173216242316812,3.609557097661309e-15,-0.11661986628900348,1.0020040080160326,0.21098136306563933,-0.8002658477549951,1.0372622315372355,1.5276499606720648
2.2176759387440956,-2.2580503177071494,4.475726256451245,6.3860028376439e-16,-0.02162230333801264,1.0020040080160328,-0.011212024662915489,-0.8196608588510097,1.1517481218947137,1.6370902374482375
1.9953366922241424,-2.247319029386998,4.24265572161114,2.8350655156828e-15,-0.02777837526059313,1.0020040080160313,-0.21151345471918562,-0.6681169161728562,0.7867833379643345,1.4786272291473286
2.291504337885447,-2.145413833290198,4.436918171175645,1.2079226507921704e-15,-0.04467434741254293,1.002004008016032,0.09449461120819062,-0.7473859177155897,0.9119225223845633,1.4844143153414335
2.1552702902785166,-2.4473411483183773,4.6026114385968935,1.8332002582610585e-15,-0.06710853217127,1.002004008016031,-0.04019858345043355,-0.6457176722364344,1.3174284497118665,1.4679219806952428
2.402951362798468,-1.9808544011321545,4.3838057639306225,-8.419931418757187e-16,0.0034008693176474274,1.0020040080160328,0.13448010040887837,-0.7205205186117105,1.3268988938145378,1.5205485781873103
2.9357491726064966,-1.881553742000026,4.817302914606523,2.4868995751603505e-15,-0.12152958007980533,1.0020040080160322,0.48249137810207127,-0.21821781604204205,1.085994853694645,1.4823879725366425
2.2504060330260143,-2.082748755269418,4.333154788295433,-4.902744876744692e-16,-0.11450380648638728,1.0020040080160326,0.28357010886402084,-0.7274511798744614,1.3312621277088734,1.486220761619061
2.1546075605411272,-2.1811563885198293,4.335763949060956,-3.609557097661309e-15,-0.041950819500945785,1.0020040080160324,0.06601140106601805,-0.6740593488529107,1.1908078203819679,1.424744367283283
2.2427561852315057,-2.026242586870592,4.268998772102098,-9.094947017729283e-16,-0.07677168887615655,1.0020040080160326,0.12246002552676837,-0.8560648024803612,1.2532787681075193,1.5579467648643055
2.247737990450541,-1.963715486102666,4.211453476553207,2.1671553440683055e-15,-0.04990310017495553,1.0020040080160322,0.1761792817351893,-0.9238753223269511,1.352457810111426,1.5938846325239586
2.0811402823196943,-2.082832133762981,4.163972416082675,4.9737991503207014e-17,-0.12508501707008113,1.0020040080160326,0.2578923862356537,-0.6818756831297836,0.9114514728571524,1.452586756212718
2.007761714296283,-2.1047657759564316,4.112527490252715,3.6530778402266155e-15,-0.1168695680792238,1.0020040080160328,0.10060017479052862,-1.1160816408636707,1.359816403684656,1.737572520992086
2.249703021818947,-2.223919294377089,4.473622316196035,-1.0658141036401502e-15,-0.04126362106531137,1.0020040080160324,0.19598527792549844,-0.7251254801405622,1.0541024327512354,1.47849477772944
2.00699270447649,-2.198766682172244,4.205759386648734,9.592326932761353e-16,-0.06641422430430147,1.0020040080160326,0.06064122380872366,-0.7631167168071071,1.648701958297995,1.4334714419205747
2.3907315818669335,-2.4874355112463205,4.8781670931132535,1.3073986337985843e-15,-0.05492825412964013,1.0020040080160326,0.11416705383425883,-0.6555633174494289,1.624444185852678,1.5678225730599964
2.10760497323639,-2.3293741535424406,4.43697912677883,-4.256150987203e-15,-0.04233695914714539,1.0020040080160328,-0.11054267063377951,-0.6178529014743037,0.9848691236472443,1.4195053860541913
2.2235998077436263,-1.9196142528426439,4.143214060586271,1.5916157281026244e-15,-0.03986022034073246,1.002004008016032,0.18872958304187615,-0.9387096435634814,0.9712901332325302,1.609265121209675
2.0238598945019852,-2.0916075823841496,4.115467476886135,-5.542233338928781e-16,-0.08142398337787206,1.0020040080160315,0.04394230547305926,-0.820748042107105,0.9479657992085581,1.5192082892589793
2.209610555584374,-2.1492431036426733,4.358853659227048,-1.2541079286165768e-15,-0.0784945356238223,1.0020040080160313,0.020619893998016683,-0.6173576816536253,0.7864377340886007,1.4082709675951264
1.993651496335729,-1.9397238659148166,3.933375362250546,-7.531752999057062e-16,0.01226021735178179,1.0020040080160322,0.027603821124595133,-0.8620758341657528,0.7526937107998865,1.5347587994204486
2.427597909932287,-2.0329711988912633,4.460569108823551,-4.085620730620576e-16,-0.015862537968128403,1.002004008016032,0.1755728876362559,-0.4772892425081956,1.0482767678034481,1.3903203283320007
2.640559180249802,-2.4028664587463773,5.04342563899618,3.8902214782865484e-15,0.0023362553671625354,1.002004008016031,0.31719236880845725,-0.2713614079469324,1.490727789578325,1.379180026106349
3.1757209282406507,-1.9204127294184636,5.096133657659115,2.415845301584341e-15,-0.10043134787228067,1.002004008016031,0.625416882970453,0.6837617821217212,1.2769506108948825,1.1160398091811548
3.4528285439160378,-1.94546567882766,5.398294222743698,1.9895196601282806e-16,-0.3930032599050226,1.0020040080160324,1.2841276226963727,2.074007823463314,1.2253351304268782,0.9561272558885519
2.9524397269158325,-2.816465247507515,5.768904974423347,4.092726157978177e-15,-0.06271957661982118,1.0020040080160333,0.3682532077931878,0.8470978755876266,1.3783320078236965,1.0188697157934041
3.179408473239295,-1.7394101607430394,4.918818633982334,-1.7195134205394424e-15,-0.12233336286355023,1.0020040080160322,1.0777036157462616,1.313031450133877,1.5592343623572067,1.1269735757575159
3.7443154817207245,-2.090353018770992,5.834668500491716,-2.2737367544323206e-15,-0.16125899709426225,1.0020040080160328,0.9651177807695458,1.4180841206376553,1.714959052196932,1.3077821483699612
2.933044809198429,-1.788604640163999,4.7216494493624275,-5.684341886080802e-17,-0.16943091467959476,1.002004008016032,0.8360837873124969,0.2213501737575001,1.8537167833404162,1.2211443737685608
2.7619845807529027,-3.7757700664232012,6.537754647176104,-1.1652900866465644e-15,0.15525389017587568,1.002004008016032,-0.5985711899593982,1.4018296986625143,0.7845626840439528,0.9093572363290693
2.5916388570818394,-2.128691175550889,4.720330032632728,1.6768808563938364e-15,-0.07732123178230023,1.0020040080160322,0.42546789398445595,-0.25346175697938955,1.3792131212021885,1.1742213901391418
2.2885785310764084,-2.8230300556277026,5.1116085867041114,1.7337242752546444e-15,-0.025118580935268885,1.0020040080160326,0.100947460555364,0.16651757855587013,1.0564591327011539,1.0819756906911762
3.3632347119660513,-3.0396767638256454,6.402911475791697,-7.048583938740194e-15,-0.08753069583061074,1.0020040080160315,0.35421790223365274,1.4483831526367266,1.4973101841446492,1.1204788161025068
3.010570194768699,-1.964501730320843,4.975071925089542,2.6432189770275727e-15,-0.08092566307987756,1.0020040080160308,0.3074653084009713,-0.40342529696708507,1.75831731906865,1.4644071695191396
2.6387775205764696,-3.372058410076931,6.010835930653401,-4.291678123991005e-15,0.09191984190004968,1.0020040080160317,-0.5212030111923547,0.6101591923368606,1.2008217830142014,1.190797159675953
2.9829108590201088,-2.113353552752588,5.096264411772697,1.5916157281026244e-15,-0.028584039855126954,1.002004008016032,0.05365060164243838,-0.34023566488022183,0.5954483447326617,1.3472823872671715
3.5453478878291493,-1.7288471604048714,5.274195048234021,1.6768808563938364e-15,-0.19336983520817502,1.0020040080160324,0.8073683739241845,0.5381906868577304,1.0139702420649566,1.192877038482036
2.985480597449168,-2.2862465634636298,5.271727160912798,-1.1368683772161603e-15,-0.13271573461490765,1.0020040080160317,0.4863619701461328,0.043931735444912245,1.0092570783989574,1.227613671490044
2.9618182183476796,-1.5224194989561382,4.4842377173038175,-5.684341886080802e-17,-0.28505461188580516,1.0020040080160317,1.698400187037347,2.324525556547497,0.5609687895031714,0.34630464020339524
2.7771246292252316,-3.7984178120966963,6.575542441321928,-9.663381206337363e-16,-0.11321824921311102,1.0020040080160317,-0.047749967192445286,2.8674375342357084,1.5648953944240325,0.976328743829617
3.112050744533877,-1.962437384271669,5.074488128805546,1.1624479157035238e-14,-0.0839429599724894,1.0020040080160315,0.8207723698195255,0.7012590284198517,1.012674242868909,1.2285439961210591
3.037895039896122,-2.7162477651803023,5.754142805076425,6.8212102632969615e-15,-0.037218411208030634,1.0020040080160328,0.11974167120399036,0.07194078849397956,0.776567345749815,1.2453741813261288
3.533465231550614,-2.0776797586012052,5.61114499015182,3.9790393202565614e-15,-0.09061501249074722,1.0020040080160322,0.5118547739679602,0.278142341123341,1.082223680369934,1.3660205044710203
3.665984166317521,-2.7364985825320995,6.4024827488496205,-1.269029326067539e-14,-0.07550295289817717,1.0020040080160328,0.6835258611546668,1.1246374400642156,0.9610524236907854,1.291004392768111
3.159523933620758,-2.2028599122057146,5.362383845826473,9.826806035562186e-15,-0.06885918399977647,1.0020040080160322,0.48598916265050746,0.5178201230619424,1.5951196394937266,1.075722737869416
2.6565088729929656,-2.1591640996765733,4.815672972669539,-8.753886504564434e-15,-0.03710120186483856,1.002004008016032,0.26784435781249377,-0.3386933859263257,1.1895181726865047,1.3170291048475846
2.662377083074772,-2.652646353216285,5.315023436291057,-6.1675109463976696e-15,-0.020530832035914538,1.002004008016032,0.016774739558817055,-0.3119794397838964,1.6341870302244526,1.386565660700722
3.195905159434287,-1.8601230167249794,5.056028176159266,3.751665644813329e-15,-0.25629933072439437,1.0020040080160317,0.8760476708802972,0.48970887335630264,1.1925113291965708,1.2545979308328206
3.527815055057325,-2.2621728322179493,5.789987887275274,4.632738637155853e-15,-0.024012300270943164,1.0020040080160322,0.6039756520573848,0.9718802788538978,0.8339679518717751,1.2418956731951392
3.0088551543636313,-2.901043057667854,5.909898212031486,2.799538378894795e-15,-0.00496571590310999,1.0020040080160317,-0.007134876246188945,0.21098117084194268,0.8147185835455554,1.3058422074738063
2.620740193374329,-2.3954877165940536,5.016227909968382,6.348699344016495e-15,-0.03296322275068256,1.002004008016032,0.2763237095798557,-0.41531963540585437,1.330571452021284,1.5408624191849336
2.2748154875338806,-2.083306247558407,4.358121735092288,-1.3358203432289884e-15,-0.19989250857676177,1.0020040080160328,0.6233625307725819,0.058677643411815694,0.5548343133753707,0.7207800314928896
3.7638233625275013,-3.531033394774692,7.294856757302194,-6.0254023992456494e-15,0.115290605994293,1.002004008016032,-0.8245981372887803,3.8666149995068273,1.1283842854376773,0.478545330169324
2.6116215778639233,-2.700370931608994,5.311992509472917,-2.9700686354772187e-15,-0.32173622012944747,1.0020040080160317,0.48033752187030554,0.49306280991213747,2.016934538313859,1.1768675108858786
2.0719319114137305,-2.416203424323681,4.488135335737411,2.2737367544323206e-16,-0.012300264390781258,1.002004008016034,0.10327734973565293,-0.7847388708427068,1.3633326421740777,1.6807229246496003
2.1194168752276195,-1.9496217233577355,4.0690385985853545,6.0751403907488565e-15,0.06548824400112455,1.0020040080160322,-0.07168549042976956,-0.7485681868891496,0.9507509980802075,1.4243560840450584
2.3321201322544396,-1.9706488070449002,4.30276893929934,2.2239987629291136e-15,-0.0615943998699789,1.0020040080160315,0.2964883634687063,-0.8093494972388471,1.527616081183195,1.5827838340335556
2.6722835337114597,-2.2606983869242483,4.932981920635708,-4.945377440890297e-15,-0.08088345913449912,1.0020040080160313,0.2787792262715201,-0.3973905975581613,1.2322571056408336,1.5156033309991352
3.133721688142869,-2.547803375421165,5.681525063564034,-4.618527782440651e-17,0.026711620896200876,1.002004008016032,0.15968834931466017,0.13270643683638594,1.3216245468531556,1.3333274155488684
2.5617698169547864,-2.103535618430893,4.6653054353856795,0.0,-0.027816540303515942,1.0020040080160328,0.25832833989368537,-0.4831465703748572,1.263666913177268,1.5735968041594144
2.3230866119637836,-2.0303784784256234,4.353465090389407,-2.785327524179593e-15,-0.10096101927141282,1.002004008016032,0.2231732470434331,-0.6996618056897455,1.3030871216321966,1.5403037050132804
2.5788015500248798,-1.7297092819294875,4.308510831954367,8.952838470577262e-16,-0.13831322127122292,1.0020040080160326,0.5090218823434276,-0.5318816005838931,1.341425172738937,1.5558042890345025
2.6847099164174417,-2.5306314191035177,5.215341335520959,3.296918293926865e-15,-0.03485656103943252,1.0020040080160328,0.1018741857182936,0.04065842463148561,1.1471819570078758,1.1482975065390062
2.4360740902126796,-2.0491227959248137,4.485196886137493,1.7053025658242405e-16,0.06356360753246215,1.0020040080160326,0.06957794370480545,-0.6055022123909115,2.0391225922778498,1.5455251970274038
2.422972574894657,-1.8287593532367181,4.251731928131375,1.9895196601282807e-15,-0.10266426162872427,1.0020040080160322,0.3734895094338791,-0.7749592131713765,1.3966839580635315,1.5356035827526489
2.35690264734806,-2.2483827307122213,4.605285378060281,5.634603894577595e-15,0.02816673448332936,1.0020040080160315,0.162935260712997,-0.5074664678722494,1.346953745156552,1.3882849512410307
2.7607606829195777,-1.7016907976091298,4.462451480528707,4.6611603465862574e-15,-0.4124650224565473,1.0020040080160324,1.048803156907961,0.21278235047076643,1.3431698944817756,1.3441856398201792
2.7657348389724565,-1.9320770106821346,4.697811849654591,5.684341886080802e-16,-0.33992768462765893,1.0020040080160324,1.162452788701079,1.2036430611044806,1.2865046232660498,0.5710566193958859
2.8205651240695113,-2.743173871985711,5.563738996055222,1.1368683772161603e-16,0.03405921280420253,1.0020040080160328,0.09864546970413886,1.5589407286145422,3.019354042235496,0.9698503101006871
2.0658759124382886,-1.504344358399878,3.5702202708381665,-1.2541079286165768e-15,0.09034680768408584,1.0020040080160328,0.11654083488806521,-1.1784266922689546,0.6753006834982634,1.721299903280575
1.7433865050191246,-1.7999422749201566,3.543328779939281,-1.2079226507921704e-15,0.07877604973174969,1.002004008016032,-0.09939111432747183,-1.2030792012760994,1.4785210285908643,1.7720989219154726
1.9159856915762832,-1.6155018525359008,3.531487544112184,3.0979663279140368e-15,-0.023605693938834604,1.0020040080160322,0.09244673030863604,-1.3328709672008554,1.4210214032530266,1.8390756685459695
2.252019735440401,-1.5355687434925869,3.787588478932988,1.0231815394945442e-15,-0.09858206304586464,1.0020040080160317,0.37712606623709055,-0.7759171393903719,0.987617734532338,1.6105718588612339
1.708998658438007,-1.8217813746966922,3.5307800331346995,-4.050093593832571e-16,0.05436397528657486,1.0020040080160315,-0.18273433158549518,-1.2378777762837734,1.7177697591229337,1.7206232137507809
2.206458629328976,-2.071791409944885,4.2782500392738605,1.4779288903810083e-15,-0.00022039042716658075,1.0020040080160317,0.02411030777852246,-0.783535470332684,1.0054791637620841,1.4310829115999084
2.068933029976213,-1.4000271624904699,3.4689601924666826,-2.5011104298755525e-15,-0.04143109661956741,1.0020040080160322,0.3653493858319306,-1.069862609539086,0.9097295346154417,1.6936841295958829
1.844908785086131,-1.6608153645847106,3.505724149670842,-2.5863755581667646e-15,-0.0028540195565640307,1.0020040080160313,0.11720994739576773,-1.204570933462304,0.6878053426162413,1.7130577124937756
2.145766103753193,-1.6624451702281346,3.808211273981328,-2.4442670110147444e-15,0.03903258831295214,1.002004008016033,0.12740886629214437,-0.8526734190607654,1.273344546909013,1.5385129016158186
2.1809694711083423,-1.6268821395783626,3.807851610686705,-5.968558980384842e-16,0.02540029250137571,1.0020040080160313,0.17421384982288174,-0.9793637578421555,1.1056443318989742,1.726577193417517
2.4343847659770317,-3.368422289280938,5.80280705525797,-6.536993168992922e-16,-0.22435655686635486,1.0020040080160324,0.04205173087918226,0.16807891071593462,0.5537928857398092,1.4998491266476623
2.7227229615938877,-2.7289722776499836,5.451695239243872,-3.410605131648481e-16,-0.17411908698293713,1.0020040080160337,0.16705960863989208,0.6648869643705622,1.6878769394709412,1.3548135505641148
3.5281431143806614,-1.4865425439883406,5.014685658369002,-1.7053025658242404e-15,-0.07281095351998759,1.0020040080160322,0.7773174504540078,0.35121896301401057,1.1653356339786152,1.4895437703567627
3.6067226367842125,-2.3563788693938883,5.9631015061781,4.384048679639818e-15,-0.09271354201962967,1.0020040080160315,0.6929033645155466,0.7567672969625359,0.6131071144735927,1.3743144120272408
3.059071216826522,-1.9058688815035216,4.964940098330043,-2.9274360713316126e-15,-0.21684096392132318,1.0020040080160326,0.9224935091164653,0.2812404675838551,1.5466414601226943,1.2597679788799114
3.596076932957611,-1.8770941619082495,5.473171094865861,-5.911715561524033e-15,-0.14317719289879394,1.0020040080160317,0.9335249911333985,0.9543772793525278,0.693912639376499,1.336755931276293
3.068342037606921,-2.8780681785339106,5.946410216140832,1.6569856597925535e-14,-0.0533424897129619,1.002004008016032,0.14836572971041223,0.6495701967455547,1.6734697171762472,1.150128175893808
4.297016604870361,-1.7607798790312346,6.057796483901596,-6.252776074688881e-16,-0.22674076621619527,1.0020040080160324,1.3968014586135404,2.9341211873545023,0.8856153941975943,1.0927758667734222
3.7761555907655735,-1.7030541779447104,5.479209768710284,6.536993168992922e-16,-0.04728133362058088,1.0020040080160324,1.0360244014669913,1.289077753228288,1.216768976169053,1.3155813511253742
2.354743131641654,-2.1642534960007347,4.518996627642389,8.526512829121202e-15,0.07151114673874343,1.002004008016031,0.14863245559076427,-0.4837783974032459,1.3402973541473029,1.4350858141733283
3.5661869783896027,-1.9753149481107168,5.541501926500319,-3.765876499528531e-15,-0.12091287317301042,1.002004008016032,0.6433221450691691,0.3268862209413932,0.8153332876249367,1.3761898549572782
2.654110579236513,-2.2461935965911892,4.900304175827703,-2.9416469260468146e-15,-0.11377138045941512,1.0020040080160315,0.38742603313852564,-0.3283619316253348,0.8024624530625113,1.3628765714789264
3.866833545573454,-1.7181623846160825,5.584995930189537,4.035882739117369e-15,-0.08476508613990692,1.0020040080160328,0.6549466853777923,0.5872551831555048,0.7043644929073423,1.4609046730187867
3.552494355651078,-2.287733330126644,5.840227685777722,5.968558980384842e-16,-0.08780878875035394,1.002004008016032,0.8148604279634063,0.8215314044758943,1.1710740778244764,1.3197106030888481
2.452216447189731,-2.29244524628829,4.744661693478021,2.6716406864579767e-15,0.1498305814083537,1.0020040080160315,-0.11586002805667026,-0.8839483207634551,1.2714106444112219,1.604442382389029
2.033821603357123,-2.0841315027437877,4.117953106100911,6.104319035739692e-16,-0.11881675606750151,1.0034482758620684,0.13529433190803725,-0.4068365351737109,0.48006972560838385,1.256048213319612
