,0,1,2,3,4,5
0,-1.7285900658683557,0.8251170731221635,2.4967143933968803,1.1221761843838418,-0.11085404670217111,0.0
1,-1.721661671625061,0.7836516534774404,2.520648684532875,1.1388626571502527,-0.0664742536741159,0.0
2,-1.7147332774203492,0.819290363533844,2.54163176820623,1.0662358607892477,-0.10036056531775958,0.0
3,-1.7078055721623167,0.920619237927224,2.536703252120191,0.9701810656742372,-0.18268320344556735,0.0
4,-1.7008771779162661,0.9657163738302361,2.5399495800727907,0.9245681865535047,-0.21227429630998748,0.0
5,-1.6939487837115548,1.0215490225975736,2.5213274622906843,0.8235887305404517,-0.3104808137376368,0.0
6,-1.687020389465504,0.9800037850242412,2.5278201181958844,0.752205052566725,-0.358591319954741,0.0
7,-1.6800926842488104,0.869535756541348,2.4737835128336716,0.7602853212855067,-0.42822712716594813,0.0
8,-1.67316429000276,0.8328594132637199,2.3530791352416824,0.8064719477473357,-0.5464527947038311,0.0
9,-1.666235895798048,0.994490741066431,2.489808568490286,0.8747478299125717,-0.31432519765420036,0.0
10,-1.6593075015244383,1.0989325151021556,2.536437643560933,0.9098898278838744,-0.21653816237424298,0.0
11,-1.6523797963490836,1.128904151427458,2.4618901475853217,0.963057041672186,-0.26567078016534335,0.0
12,-1.6454514021237023,1.2113959920029078,2.386604849990496,1.036974768432718,-0.28299170971352283,0.0
13,-1.6385230078983213,1.3610945379854922,2.2476324991649217,1.0349188420042774,-0.40746124237765946,0.0
14,-1.63159461367294,1.4692478461814535,2.130292497642654,0.9034829875790763,-0.6111226412357014,0.0
15,-1.624666908359789,1.5252800398502984,2.1095159984699965,0.8390798969318328,-0.666812394623452,0.0
16,-1.617738514203306,1.4892422400442031,2.0923694841234752,0.8359721011233422,-0.7011146227503101,0.0
17,-1.6108101199090266,1.4483355458997451,2.0300104742804876,1.0059924353305447,-0.6247131271259367,0.0
18,-1.603882500787415,1.4033980460139197,1.8843979071075774,1.3598986540540066,-0.41889470260384354,0.0
19,-1.5969541066309318,1.3682781523601704,1.7635164569455928,1.6612114060108416,-0.1976459068219431,0.0
20,-1.5900257123366526,1.4528452593727366,1.9213175102511273,1.6139729104883742,-0.12418161267446844,0.0
21,-1.5830973181801695,1.4749548288501981,2.0577813347433156,1.6618807773764352,0.030237740548650704,0.0
22,-1.5761696129359166,1.4936721356952305,2.0829551328834954,1.9674010065340597,0.3557736183770642,0.0
23,-1.5692412186416373,1.5190143313613533,2.0277380447728146,1.9733775368121524,0.3294553232033448,0.0
24,-1.5623128244851543,1.5339402861975233,1.9830862785227241,1.6044582740556743,-0.06383995875036781,0.0
25,-1.5553844301908752,1.5280337585739492,2.0212749007983173,1.3610461477779652,-0.2719827995338016,0.0
26,-1.5484567250155203,1.4391165739989327,2.0685237293710568,1.134177057271687,-0.47441298065932797,0.0
27,-1.5415283307212413,1.3347945268561219,2.0796792928030365,0.9880150321646066,-0.6297406597765897,0.0
28,-1.5345999365647582,1.243602530755852,1.9430679078687116,0.7281076821277149,-1.025029627974527,0.0
29,-1.527671542270479,1.0003972685833598,1.9236194518866587,0.9824209999009705,-0.8421612298049628,0.0
30,-1.520743837095124,0.7650141645610173,1.9809318973293293,1.450024730903173,-0.333080369686289,0.0
31,-1.5138154428008448,0.8001340580281375,1.9681531698224715,1.6598726629602438,-0.1317567062101335,0.0
32,-1.5068870486443617,0.8054818599648174,1.8442024640807257,1.8296539361479687,-0.03824354463082543,0.0
33,-1.4999586543500825,0.6833205033516445,1.7269805108727363,2.1514303290035324,0.25072677955165895,0.0
34,-1.4930309491058296,0.6740616223532208,1.7176842079470342,2.6550366770722147,0.7937106322549454,0.0
35,-1.4861025549493465,0.6723854456124732,1.6947533273838253,2.938467651484665,1.0947970079365097,0.0
36,-1.4791741606550672,0.6010681165353615,1.648124252313179,2.924315228143882,1.0698442930008345,0.0
37,-1.4722464554797126,0.5253208919138678,1.747786522173252,2.6948642768385493,0.8650326074978627,0.0
38,-1.4653180611854333,0.5193345462017165,1.8244588874115562,2.4182226413841756,0.6027954029250908,0.0
39,-1.4583896670289502,0.5125899305143735,1.8022953205954202,2.0737354321942165,0.22578138658018504,0.0
40,-1.4514612727346712,0.47962512125301143,1.8030626345396499,1.7779689020858236,-0.0798734952857364,0.0
41,-1.444533567559316,0.4507709360882073,1.7958912008766401,1.6241091056355959,-0.23873415814513954,0.0
42,-1.4376051733339352,0.4241915621820431,1.7385492435032674,1.4868401576078707,-0.4085038761571197,0.0
43,-1.4306767791085542,0.2499090910417537,1.6297382309624722,1.2631744875734026,-0.6440240073243191,0.0
44,-1.423748384883173,0.19938433535343644,1.6483013248831742,1.1695103045696293,-0.7106992491742232,0.0
45,-1.416820679570022,0.4250296505124249,1.7546038110905837,1.3768241878398946,-0.5135911232286461,0.0
46,-1.409892285413539,0.8449119221580574,1.922704577697449,1.5855724381852552,-0.24176791565985156,0.0
47,-1.4029638911192597,0.8457101015561281,1.9709863287736762,1.526094008755465,-0.2667585513015914,0.0
48,-1.3960354969627766,0.7600654523207067,2.0632705804700424,1.6409868274092352,-0.0756514158246853,0.0
49,-1.3891077916496255,0.35746376463983875,2.2269445361786837,1.5900189770443434,0.0782418765827514,0.0
50,-1.3821793974931424,0.2776458250993821,2.259230743726155,1.206230106611007,-0.21793552300707641,0.0
51,-1.3752510031988632,0.6429326258764538,2.2281840431828686,0.954737711614516,-0.5543174956638125,0.0
52,-1.3683226090423803,0.9527459586182526,2.227623313739337,0.9404896632910021,-0.5799035569329479,0.0
53,-1.3613949037981272,1.0915094467016977,2.2439730020137705,1.1512938400648034,-0.3625632370655138,0.0
54,-1.3544665095038482,0.979604695327872,2.203069269101251,1.3762982531498693,-0.20742729416575884,0.0
55,-1.3475381153473651,0.8784354568103734,2.0739834627727687,1.373668579699744,-0.33348802280990425,0.0
56,-1.3406097210530858,0.7914339025833015,2.0781446651117346,1.3272428925378494,-0.3734220844635674,0.0
57,-1.333682015877731,0.5259195262451312,2.2831060106064323,1.4266445444808276,-0.05476377723167808,0.0
58,-1.326753621583452,0.2788830030728105,2.4374836633893713,1.415504291965804,0.153190091188313,0.0
59,-1.3198252274269688,0.02873358031146819,2.3431040545581707,1.1434526323654983,-0.09114473205796873,0.0
60,-1.312897522113818,-0.5134696838632107,2.1971963666981433,0.6992769001173017,-0.2687223281609919,0.0
61,-1.3059691279573349,-0.2764104031001205,2.020212466166971,0.3268195315256279,-0.8810005789146783,0.0
62,-1.2990407336630554,0.09514210603259,1.7558433180947692,0.18562997932883896,-1.4987726943277517,0.0
63,-1.2921123395065723,0.06584892218045062,1.549819537968725,-0.039039747754019284,-1.8188293425003097,0.0
64,-1.2851846342623197,0.02071187733979518,1.4701369414063774,-0.05156655533188952,-1.8384786477396184,0.0
65,-1.2782562399680404,0.06672691955512096,1.43309928994855,-0.07356018701079946,-1.913629570799143,0.0
66,-1.2713278458115571,0.2841509870542197,1.4909429527068936,0.05610661465650959,-1.9292748376028164,0.0
67,-1.2643994515172778,0.6476019753399705,1.5694745784514752,0.524284092680397,-1.5595159870833712,0.0
68,-1.2574717463419232,0.8240395309526312,1.7159725076857364,0.9300187821415722,-1.0615549586546582,0.0
69,-1.2505433520476439,0.7484918510726767,1.573311147778309,0.5396318223962094,-1.5559434533107082,0.0
70,-1.243614957891161,0.5880577924923799,1.4134737615936581,0.15254390778597657,-2.0179315031170777,0.0
71,-1.2366865635968818,0.2677484005121158,1.3415528402065635,-0.11027998905217738,-2.141534777802211,0.0
72,-1.2297588584215269,-0.01281165720854172,1.1717108612815184,-0.3269172597479137,-2.0936901799068632,0.0
73,-1.2228304641272476,-0.15528667950554628,0.9971174386393303,-0.4037993456413677,-1.9531372549497494,0.0
74,-1.2159020699707648,-0.18422068275892767,0.9368537860494708,-0.5969608049320275,-1.9948094141757668,0.0
75,-1.2089736757453835,0.0031120216019384517,0.9508720205605138,-0.5725287491296318,-2.2020354243769473,0.0
76,-1.2020459704322326,0.009018549225512642,1.024947323279013,-0.6504627044031358,-2.2852871437219933,0.0
77,-1.1951175762757495,-0.18597667750826838,1.061689853911714,-0.832818596861569,-2.1327328079482992,0.0
78,-1.1881891819814703,-0.2954868905439109,1.0914380232936762,-0.9754903284651135,-2.031149869722252,0.0
79,-1.1812614768061154,-0.3879160646176091,1.0744095572811487,-1.0487386838919932,-1.915412614022055,0.0
80,-1.174333082511836,-0.6108874791415241,0.9441432680267582,-0.9877780747679779,-1.575334812284212,0.0
81,-1.167404688355353,-0.6685559404268439,0.791919996437214,-0.77955575904876,-1.3899570309719866,0.0
82,-1.1604762940610738,-0.5990744238943757,0.6518556990495913,-0.07083488921676559,-1.0935441922131377,0.0
83,-1.153548588885719,-0.4782699723874972,0.5462615025306937,0.5645898132080416,-0.7104500214364402,0.0
84,-1.1466201946603378,-0.7041946505898924,0.43187270847106507,0.6157967245924102,-0.39475103972276854,0.0
85,-1.1396918003660588,-1.0015164757180248,0.29169036257200814,0.28283226816780804,-0.20895636411845855,0.0
86,-1.1327634062095757,-1.16099271915501,0.2388342403525765,0.030909562825200576,-0.12381221261911605,0.0
87,-1.1258357008964248,-1.5845466159485844,0.22466844539939665,-0.0770982928459952,0.3046614174229564,0.0
88,-1.1189073067399418,-2.1270292436998965,0.23127914961887436,-0.04640283309495871,0.9351545767102704,0.0
89,-1.1119789124456625,-2.4569966054684693,0.3030820228297004,0.06509531607977292,1.3186166267442954,0.0
90,-1.1050505182891794,-2.346249214192785,0.38524363340041845,-0.11984243749712559,1.0808499977238728,0.0
91,-1.0981228129760285,-2.1051591279549404,0.4148147303109633,-0.32132322716486644,0.7136928624219369,0.0
92,-1.0911944188195455,-1.916509425665777,0.3959565159003009,-0.3741557552703814,0.4809920009136923,0.0
93,-1.0842660245252662,-1.924092130749954,0.3894048357393841,-0.29407024922452835,0.5151434304925143,0.0
94,-1.0773376303687832,-2.1659803978735703,0.381495600260004,-0.259071687609383,0.8240135253532058,0.0
95,-1.0704099251245303,-2.479026355790901,0.35614472954982945,-0.2410464721117851,1.2288796366491872,0.0
96,-1.063481530830251,-2.609289234797389,0.36130934246158053,-0.2464014433559442,1.3865501568885594,0.0
97,-1.056553136673768,-2.585782850636119,0.3961926123317007,-0.2811609436322014,1.3304871586110114,0.0
98,-1.0496254313606168,-2.619865111537883,0.3574432608097319,-0.3324156676676412,1.3825343504749656,0.0
99,-1.0426970372041338,-2.6479610264608824,0.21705433060713358,-0.2616535487278483,1.5149028291862585,0.0
100,-1.0357686431854471,-2.494191765959255,0.17131061779499426,-0.07164769725792762,1.405359101268665,0.0
101,-1.0288402489600659,-2.503969461813977,0.14516292120988805,-0.09158540218898603,1.429168683022046,0.0
102,-1.021912543715813,-2.864028188053848,0.07510126038821825,-0.08565668424255324,1.9112724418324214,0.0
103,-1.014984149490432,-3.2297140791404986,0.12713104480201584,0.01575308211661626,2.3509203998980093,0.0
104,-1.0080557552650506,-3.3505584407581184,0.11148964621609471,0.3316485677603509,2.596131945713085,0.0
105,-1.0011273610396696,-4.024102122002977,0.025255369492830457,0.6937784921975743,3.578707354866935,0.0
106,-0.9941996557954167,-4.284827423904331,-0.11280210714353399,0.4675309610446408,3.905622325188148,0.0
107,-0.9872712615700355,-3.3582608711088695,-0.15739484913790758,0.1627757275965184,2.7274152814841544,0.0
108,-0.9803428673446545,-2.5778409670860882,-0.12941740397722584,-0.017380802077317174,1.7406923205403657,0.0
109,-0.9734144731192733,-2.2889798409508337,-0.08281784103443764,0.18429123659765195,1.4357901376653182,0.0
110,-0.9664867678750205,-2.295604730571763,-0.0031647565999488566,0.7161068092398698,1.5926096071919504,0.0
111,-0.9595583736496393,-2.40719021204412,0.08696511370586646,0.9864850404261915,1.780049338231027,0.0
112,-0.9526299794242581,-2.639659959112737,0.18034131196428158,0.8979845796593489,1.9361185438286,0.0
113,-0.9457015851988769,-2.822323315423136,0.2656607144983362,0.731550163619002,2.023945408034078,0.0
114,-0.938773879954624,-2.8256357589005354,0.3097517511077389,0.6737451626031961,1.9803364889612773,0.0
115,-0.9318454857292429,-2.6792496569285764,0.34501867824570814,0.6320050750004558,1.771729966141818,0.0
116,-0.9249170915038619,-2.5617576507653887,0.28900476406294,0.551298009601258,1.629921101559407,0.0
117,-0.9179882666652756,-2.503969461813977,0.21212581432393862,0.35713249294279686,1.5309799919192504,0.0
118,-0.9110605614210228,-2.1307008683092796,0.18518129186390078,0.42779898753868095,1.1467037116204484,0.0
119,-0.9041321671956415,-2.051202200856519,0.11202086353176786,0.7598071989271414,1.2643798391489107,0.0
120,-0.8972037729702603,-1.9152323410475778,0.1990519661299636,0.5165863216566607,0.9368192150970731,0.0
121,-0.8902760677260075,-1.6482413317237312,0.22880013561050383,0.35172970968638884,0.547351283765047,0.0
122,-0.8833476735006264,-1.4778300306808811,0.21439824402876786,0.27231357500612946,0.33901836536214025,0.0
123,-0.8764192792752451,-1.2113578391993989,0.10237041566323166,0.34513162037436257,0.19960350104761604,0.0
124,-0.8694908850498642,-1.2173042756006485,-0.027866361483015818,0.4199099675077166,0.3690744072372783,0.0
125,-0.8625631798056111,-1.415372492879163,-0.17164918027750686,0.6713067381602991,0.8265731319581631,0.0
126,-0.8556347855802301,-1.3740268000473699,-0.23837597676300115,0.67642264806557,0.8600629572768375,0.0
127,-0.8487063913548489,-1.5520208053745574,-0.21048706798589514,0.4713081278993136,0.8962445522607785,0.0
128,-0.8417779971294678,-1.4449051304638076,-0.23837597676300115,0.44735419445528307,0.8125145572875775,0.0
129,-0.8348502918852149,-1.5153045531486216,-0.20523391908488095,0.497413612435104,0.8678915292878643,0.0
130,-0.8279218976598337,-1.5629159542027469,-0.0340048726425376,0.2604083264621929,0.6405074883442059,0.0
131,-0.8209935034344525,-1.99680627400431,0.11264061703386044,0.07671369127257265,0.9124798886982387,0.0
132,-0.8140651092090715,-1.8898502352707143,0.0486289311852928,0.3821861080985373,0.9640732365900126,0.0
133,-0.8071374039648185,-1.4631036207995407,0.11866107987910408,0.20791048435888596,0.3753641422737344,0.0
134,-0.8002090097394374,-1.6461261563756324,0.039686773005268634,0.5981061950970202,0.8165039853523255,0.0
135,-0.7932806155140563,-1.0148061626711071,-0.1824801108945112,1.185670842646015,0.8071367013149228,0.0
136,-0.7863522212886751,-0.8589616355990563,-0.3800044141669409,1.3380006470384165,1.0093579572783131,0.0
137,-0.7794245160444222,-0.4994616354459993,-0.6105232146753543,1.6288425178458215,1.2717162366516144,0.0
138,-0.772496121819041,-0.595402798751766,-0.5930520677110142,1.503287569035393,1.2117113477424262,0.0
139,-0.76556772759366,-0.38472334720662327,-0.3784402743477802,1.3024283384015858,0.6994915969131626,0.0
140,-0.7586393333682788,-0.08740152181187766,-0.23483452812328434,0.7713777617882814,0.0013883269583339019,0.0
141,-0.7517116281240258,-0.17795497453659548,-0.3922519243581256,0.32275549068099607,-0.008253311184788488,0.0
142,-0.7447832338986448,-0.35838342703296433,-0.81973429908975,0.7583250195203861,0.9299438335929181,0.0
143,-0.7378548396732636,-0.08277208147263353,-1.285641391542586,2.5823142576449456,2.666661074682237,0.0
144,-0.7309271344290108,-0.22983663533120682,-0.8474461356911733,1.9840396669688105,1.7073740026834934,0.0
145,-0.7239987402036296,-0.4638229252829507,-0.6491545180802015,0.723517706912469,0.7232025517016548,0.0
146,-0.7170703459782484,-0.3970153099187822,-0.2808733616225407,-0.3736298205803563,-0.33214413572040463,0.0
147,-0.7101419517528674,-0.6018281428846395,-0.011280576580026366,-0.29454837158289354,-0.5184728952424678,0.0
148,-0.7032142465086144,-0.6608136002319649,-0.12773521584378678,0.2836450765283812,-0.06881597597439279,0.0
149,-0.6962858522832334,-0.5284754565213449,-0.4619594402369615,1.0240176508281422,0.6910913547824853,0.0
150,-0.6893574580578522,0.427304462037678,-1.045442630643465,2.4029227240000233,2.1148318965295054,0.0
151,-0.682429063832471,0.4134959583086835,-1.3342772871673347,2.2381617370124824,2.3778783370092214,0.0
152,-0.6755013585882181,0.8414398417836484,-2.1860252204115294,5.696660293926417,6.212065117176509,0.0
153,-0.668572964362837,0.9433673507269147,-2.201696130928153,6.147386303474391,6.628798090432236,0.0
154,-0.6616445701374558,0.7396320597706221,-1.1402058979254523,2.6260624596638773,2.384715762821817,0.0
155,-0.6547161759120748,1.3736259544301566,-0.22512505619618722,2.297114231113425,1.0963850852095824,0.0
156,-0.6477884706678217,1.467851032030871,0.246536891331259,1.4767995868045574,-0.08845926942056861,0.0
157,-0.6408600764424407,1.1603524195386783,0.8242357163097004,0.9968124849000528,-1.0542218751350692,0.0
158,-0.6339316822170595,0.9723811717755988,1.103360900689601,1.0255954548982176,-1.1313652213910697,0.0
159,-0.6270032879916784,0.9347470132373492,1.161440659958207,1.4362069929257757,-0.6795136110041904,0.0
160,-0.6200755827474255,0.5875788847607561,1.33818846391997,0.9706113760203537,-1.1581871431106359,0.0
161,-0.6131471885220443,0.2412089356502402,1.6829189861940357,0.1475236222246143,-1.6836458091681565,0.0
162,-0.6062187942966631,0.08931539649759304,1.8744818506797827,-0.25811544289265254,-1.6903756474453393,0.0
163,-0.5992904000712821,-0.20573161737189954,1.9863621186031826,-0.696744954889462,-1.5061946081597866,0.0
164,-0.5923626948270291,-0.44781942838389344,2.1016067629906163,-1.1676955431061193,-1.2009977560305636,0.0
165,-0.585434300601648,-0.5447583161971961,2.2117163065941576,-1.8646546013220804,-0.8635645774342311,0.0
166,-0.5785059063762669,-0.7014808406439174,2.2360342546036884,-2.221572991190713,-0.5597341833933679,0.0
167,-0.5715775121508857,-0.8310253565865979,2.056689388181267,-2.3405776627013637,-0.5666936946588903,0.0
168,-0.5646498069066329,-0.46665646209517864,1.552091967476398,-1.989014243757479,-1.512877837547445,0.0
169,-0.5577214126812516,0.13345471709732537,0.8940317683749556,-1.8733564293942067,-2.2603909282179293,0.0
170,-0.5507930184558707,0.7884407298605323,0.45619065648059565,-1.5141908640899056,-2.234689881052283,0.0
171,-0.5438653132116177,1.2107175395830674,0.2931954783326081,-0.747664993242105,-1.8577923224936201,0.0
172,-0.5369369189862365,1.2184598797779462,-0.10719481329968553,-0.031628850400830966,-0.8938460429881088,0.0
173,-0.5300085247608555,1.5836668625997474,-0.672882224518342,0.22737006693157916,0.2314944928386401,0.0
174,-0.5230801305354743,2.0777399089443884,-1.0230724795237882,0.4935408209171117,1.097986681877307,0.0
175,-0.5161524252912214,2.0591423289656086,-1.1979315107922677,0.6139320471711982,1.4142165181333943,0.0
176,-0.5092240310658402,1.7519629882944985,-1.2565424874948408,0.9258113046213718,1.5428064670525645,0.0
177,-0.5022956368404591,1.5439574376510425,-1.4123367204434292,1.5470835830665735,2.073766815599509,0.0
178,-0.49536724261507803,1.482497624090247,-1.2557751749307056,1.3889206850716482,1.7309606375883457,0.0
179,-0.488439537370825,1.366841429431912,-1.012743254488911,0.8127831637082248,1.005562852215695,0.0
180,-0.48151114314544396,1.154206438182599,-0.866363374357553,0.23095598541784582,0.4494149468164245,0.0
181,-0.4745827489200628,1.1603125107610026,-0.7390778038853193,0.4271296161730876,0.33556942748757773,0.0
182,-0.46765435469468164,1.349920026380509,-0.6801421943677708,0.520459113174653,0.3251906913851541,0.0
183,-0.4607266494504288,1.2163447044298474,-0.6038239742694572,0.48058370299312503,0.1586943983038119,0.0
184,-0.4537982552250476,0.973817894703857,-0.5236691844499977,0.45514759014233885,-0.007341096545836707,0.0
185,-0.4468698609996664,0.937939730808303,-0.5224296774458125,0.6478787394062935,0.10354908739613737,0.0
186,-0.4399414667742854,1.2364987342031382,-0.5304274491116119,0.7600462602660296,0.21702258240055095,0.0
187,-0.4330137615300324,1.2616812939587196,-0.47695157319293136,0.6754664033488396,0.08938991871908514,0.0
188,-0.42608536730465135,1.1587959697441674,-0.4276368996132169,0.6953562962676494,0.012384599877657368,0.0
189,-0.4191569730792702,1.1799078149807056,-0.41285135115794425,0.4905764617841895,-0.13457125104236003,0.0
190,-0.41222857885388897,1.021908203329638,-0.3406353089457232,0.17592409420832236,-0.44598690476099184,0.0
191,-0.4053008736096361,0.8707729346054247,-0.27314119851599966,0.08976643322105683,-0.6062286928418225,0.0
192,-0.39837247938425496,0.7855672840306772,-0.29362257700154,0.04310168472027414,-0.5957551874607678,0.0
193,-0.3914440851588738,0.7967018866180333,-0.3681110487214342,-0.032967593132017955,-0.5120188815327567,0.0
194,-0.3845163799146209,0.6282062160217748,-0.4009579857124375,-0.18285897308152232,-0.5076231415740139,0.0
195,-0.37758798568923974,0.6137990779081944,-0.07361007429515513,-0.42670140970534814,-1.1516644103928806,0.0
196,-0.37065959146385874,0.30091275446169474,0.23679790727630337,-1.754829880241921,-1.627984623578615,0.0
197,-0.3637311972384775,-0.8008541753597882,-0.2299650360958066,0.4397042357632066,0.24492113309036376,0.0
198,-0.3568034919942247,-0.7776670640860528,-0.28279164638453586,0.7374788818848459,0.45736506843112,0.0
199,-0.3498750977688435,-1.5289135119227861,0.06648373522032612,-0.5168274865545146,0.25584624622791036,0.0
200,-0.34294670354346235,-1.1470245797820873,-0.4261317838526167,-0.10401658542294777,0.5434485554675306,0.0
201,-0.33601830931808113,-0.6219821726579302,-0.6898221543641655,0.46169786744211655,0.7381446850352569,0.0
202,-0.3290906040738283,-0.34908463704357445,-0.5142253212793152,1.0009721497691821,0.6453974858761731,0.0
203,-0.3221622098484471,0.4669739779420944,-0.7202195892775007,1.264752291643478,0.8300193388221871,0.0
204,-0.3152338156230659,1.2003012984865016,-0.8753940689211528,0.8444348681759916,0.7825651997509041,0.0
205,-0.3083054213976851,0.3955768310163573,-0.8100543392905116,0.4200055918516252,0.4758085393421349,0.0
206,-0.3013777161534319,-0.005228952924203945,-0.5206884650566561,0.552397691312968,0.22351922807725086,0.0
207,-0.294449321928051,0.3923042952501812,-0.3275024366931874,0.5910777954388776,-0.16514857392924653,0.0
208,-0.28752092770266985,0.597516218125698,-0.3577818232922445,0.6629874081026289,-0.11378968739762257,0.0
209,-0.2805925334772887,0.6603329367128035,-0.48860884200988214,0.6422368948109977,0.05825633075395224,0.0
210,-0.2736648282330358,0.7615021752223037,-0.6952523756380188,0.44486795800013723,0.25745301575088975,0.0
211,-0.2667364340076546,0.9544221353590001,-0.7745808274546884,0.1161587911079843,0.23007627014125312,0.0
212,-0.25980803978227346,0.7484519420817108,-0.9254170319922232,-0.29387900021730007,0.345572219462207,0.0
213,-0.2528796455568923,0.4379202478224603,-0.851607338030139,-0.5829518179474018,0.18539255026878926,0.0
214,-0.2459519403126394,0.09809536971107055,-0.7618906361342499,-0.9374317834689608,0.07533620631824237,0.0
215,-0.23902354608725823,-0.10627846456745148,-0.5886842808713508,-1.0922478245081546,-0.14056961902692455,0.0
216,-0.23209515186187704,-0.07965918188361173,-0.44224537569565026,-1.0761350988273108,-0.3982712369806681,0.0
217,-0.22516678588472233,-0.10404356235310003,-0.38248342817531145,-1.1505309480739725,-0.48617718589641096,0.0
218,-0.21823908064046946,-0.20493343808580633,-0.35303037957904454,-0.8533300491337236,-0.4532523527518805,0.0
219,-0.2113106864150883,-0.25641600923737107,-0.35946401142568335,-0.9804149894270384,-0.42467919497880474,0.0
220,-0.2043822921897071,-0.3554700721321594,-0.47869278558208744,-0.8575375263345129,-0.16033629381730136,0.0
221,-0.19745389796432594,-0.49778545851862277,-0.6597788641965084,-0.46050466494546394,0.28472039956075074,0.0
222,-0.19052619272007307,-0.5433615020466133,-0.72588590717991,-0.032202597103104816,0.5393306949385683,0.0
223,-0.1835977984946919,-0.6454087379307838,-0.8640024080719915,0.11835815421199306,0.8630896273729594,0.0
224,-0.17666940426931071,-0.658419062107072,-0.8756301655497087,0.2687754691709337,0.9457552172362853,0.0
225,-0.16974169902505787,-0.49427346928655447,-0.6806734116834438,0.4226352653017503,0.6306951245579846,0.0
226,-0.16281330479967668,-0.3345976808947395,-0.5111855776302565,0.16464040501773033,0.17356427945142214,0.0
227,-0.1558849105742955,-0.27002496774492246,-0.36091010293056613,-0.04587689840493375,-0.1762899445459801,0.0
228,-0.14895651634891433,-0.2743351365296973,-0.2756792367800872,-0.3009073998754428,-0.3973908273691493,0.0
229,-0.14202881110466145,-0.23171235668018705,-0.1750430686722433,-0.35699116014560534,-0.5937446239284112,0.0
230,-0.1351004168792803,-0.3185542752180066,-0.12552181039467478,-0.4673418155963784,-0.6427190023279921,0.0
231,-0.1281720226538994,-0.3979332160711281,-0.20827366253678314,-0.6036545189073735,-0.5010732076343031,0.0
232,-0.12124362842851824,-0.4033209269187899,-0.33305070628131866,-0.7512509114089606,-0.33977822622359255,0.0
233,-0.11431592318426506,-0.4680931850234369,-0.4074506418147934,-0.7895485175204136,-0.18712481402850298,0.0
234,-0.10738752895888419,-0.46948999890740634,-0.482440818722502,-0.7669811391392299,-0.06764456523069556,0.0
235,-0.10045913473350301,-0.4496951499994868,-0.6476494023196018,-0.6401352599292743,0.1986266917620242,0.0
236,-0.09353074050812184,-0.4998208160447574,-0.8299454767961304,-0.4609827876232403,0.5533409574972397,0.0
237,-0.08660303526386898,-0.538213244931457,-1.006221085864384,-0.3113304686932129,0.8907327125541219,0.0
238,-0.0796746410384878,-0.54958730149127,-1.151745118428125,-0.16469032090835622,1.167449035290835,0.0
239,-0.07274624681310662,-0.4598719373635471,-1.2068146457023563,0.008103123105128758,1.2599655836527084,0.0
240,-0.06581785258772545,-0.31372528965731966,-1.223518477736686,0.038607333848936824,1.2289928968326336,0.0
241,-0.05889014734347259,-0.25952890882639273,-1.190553492628561,0.11525035840350277,1.177129800068597,0.0
242,-0.051961753118091404,-0.1845798633576857,-1.1590050872917728,0.29540688807733817,1.1610109510479514,0.0
243,-0.04503335889271023,-0.06764658194824659,-1.1693933369766794,0.45567352483236406,1.1996324201369248,0.0
244,-0.03810496466732905,-0.06114141972679605,-1.1423897902609246,0.684694166110991,1.258396084391192,0.0
245,-0.03117725942307619,-0.10364447271005342,-1.1064735982816292,0.9033873629157565,1.3279639976094335,0.0
246,-0.024248865197695015,-0.16905527419025212,-1.0577786780068508,0.7848608140828822,1.2162431259404842,0.0
247,-0.01732047097231414,-0.23498489244636342,-0.9191014476712377,0.42540837542744403,0.8574101428886869,0.0
248,-0.010392076746932963,-0.15931748551352704,-0.7201310530910813,0.13652680638515932,0.3890402648005632,0.0
249,-0.0034643715026801023,-0.04968754534501876,-0.5307815940544459,-0.1685153004140999,-0.07891105968345222,0.0
250,0.0034640227227010754,-0.14578834482793968,-0.49212077871889676,-0.22464687301592243,-0.11272708975262974,0.0
251,0.010392416948082253,-0.11469925718217099,-0.3762563808293704,-0.07083488921676559,-0.25028194632634143,0.0
252,0.01732081117346343,-0.23390735011686312,-0.2889006454161989,-0.07303425232077436,-0.3152545212709361,0.0
253,0.024248516417716293,-0.10328529184468231,-0.4118479405851587,0.1674135151434241,-0.0954694932313197,0.0
254,0.03117691064309747,0.23322714172285583,-0.47978473214413614,0.07585307089975087,-0.1727981194531168,0.0
255,0.03810530486847865,0.43720188635833124,-0.44711486772312814,-0.13112612668771748,-0.37371659664001305,0.0
256,0.045033699093859826,0.5254406187801205,-0.4529877701262349,0.07943898906660651,-0.2895149861344221,0.0
257,0.051961404338112686,0.32194478160965573,-0.4412419651228647,0.2802504073687539,-0.15923218052818974,0.0
258,0.05888979856349386,0.22596370925960066,-0.38776608920418437,0.3418803878903039,-0.17774073481178204,0.0
259,0.06581819278887505,0.23977221272198201,-0.2940652581307937,-0.13217799606776753,-0.563539666296032,0.0
260,0.0727458980331279,0.420559846083722,-0.2102214594266368,-0.5398729876134747,-0.9125842873957933,0.0
261,0.07967429225850908,0.396694282123533,-0.21635997038900212,-0.17253152860766086,-0.7579896225738393,0.0
262,0.08660268648388995,0.4690891532901932,-0.22406262156484094,-0.2700685034488379,-0.8068899277567414,0.0
263,0.09353108070927113,0.5193345462017165,-0.3978592182019744,-0.23554806419205762,-0.5151894937339871,0.0
264,0.1004587859535243,0.5981946708121516,-0.605033969145784,0.36688619039497344,0.08720366088942404,0.0
265,0.10738718017890517,0.6203441489606433,-0.5246135707670658,0.4735074913227335,0.016724272011552688,0.0
266,0.11431557440428634,0.6098879988731116,-0.38044709529619464,0.4464935740824613,-0.21859910680362094,0.0
267,0.12124396862966752,0.4659363446568828,-0.22503651981261147,0.4079569069515312,-0.44812859464063765,0.0
268,0.1281716738739204,0.40503525664967543,0.0038886287487825424,0.17257723738035477,-0.9127111708593905,0.0
269,0.13510006809930156,0.1482609448006297,0.2340237723836595,-0.28852402897314094,-1.3951198650246013,0.0
270,0.14202846232468275,0.03687501014939382,0.26031902921374606,-0.08264451309738259,-1.250603373423055,0.0
271,0.1489568565500639,-0.07095902622548526,0.19548100536238824,0.016565890157778144,-1.040685970186166,0.0
272,0.15588456179431678,0.1898460913649281,0.0389489711888979,0.0560109899931898,-0.9516409460484939,0.0
273,0.16281295601969795,0.581392994360388,-0.2611002728255124,0.043053872388614245,-0.6255498523496734,0.0
274,0.16974135024507914,0.5986336694994867,-0.4424224480684891,0.05596317798094105,-0.32989821548483533,0.0
275,0.1766697444704603,0.5966382207510277,-0.42571861485122153,0.023928975498717718,-0.3719004385755941,0.0
276,0.18359744971471317,0.5341407741716339,-0.4189013261310466,-0.005714614872268714,-0.3863150284939363,0.0
277,0.19052584394009436,0.49506989259848083,-0.3717705458725853,-0.053287796077533076,-0.4771315984786521,0.0
278,0.19745423816547522,0.5010961470883077,-0.32428562067128985,0.02789739168002993,-0.5169230356951676,0.0
279,0.2043826323908564,0.4508108451324958,-0.25375176678966394,0.022112110089754375,-0.6204679461716913,0.0
280,0.21131033763510926,0.5592435161052512,-0.12723351065597233,-0.05916870201171713,-0.8865413369884789,0.0
281,0.21823873186049045,0.5558911627837241,-0.02447247308827937,-0.0660058526626316,-1.050531197846521,0.0
282,0.2251671260858716,0.536854584117609,0.08014782478853505,-0.029190425957934026,-1.1846647015370806,0.0
283,0.2320955203112528,0.4342885317241393,0.15442971200773148,0.043053872388614245,-1.219125177980329,0.0
284,0.23902322555550565,0.3539916844520589,0.12459300653792828,0.3488609752167868,-0.9430484129303254,0.0
285,0.24595161978088684,0.382486688751492,-0.13405079937614744,0.9268153619891732,-0.18709326710834023,0.0
286,0.25288001400626803,0.36656300994101193,-0.41984571244811475,0.8437654968103983,0.13946791275696901,0.0
287,0.2598084082316492,0.3681992775574869,-0.531076714741563,0.5548361157558649,0.11924412642062654,0.0
288,0.26673611347590204,0.5193345462017165,-0.672291983144108,0.5866790692308598,0.32376944137151037,0.0
289,0.27366450770128325,0.390229028946371,-0.6384121234524606,0.25012869463940224,0.1191025529762926,0.0
290,0.2805929019266644,0.3971731895885437,-0.4781025440106971,-0.0789151579355474,-0.2912413157288177,0.0
291,0.28752060717091726,0.3659244662988469,-0.4430422015705819,-0.025461071115509992,-0.3174022893447551,0.0
292,0.2944490013962984,0.09147048088998035,-0.3424060334627378,-0.6109219799044044,-0.5843564942482179,0.0
293,0.3013773956216793,0.2567734338619624,-0.3852575630679553,-0.22923684823116824,-0.4616518423374323,0.0
294,0.3083057898470605,0.41748685527237567,-0.7066440358957112,0.16344509896211173,0.18357051285632386,0.0
295,0.3152334950913134,0.3152001656556998,-0.9171831623177734,0.16722226613619567,0.5549001895871111,0.0
296,0.32216188931669454,0.3915859340526652,-1.058516480217534,0.35545906452881304,0.8512137155939805,0.0
297,0.3290902835420757,0.28882033670436547,-1.0682554646668023,0.2877569293852617,0.8604203412428172,0.0
298,0.33601867776745686,0.2100400301825075,-1.0910978090435914,0.10941726480097846,0.8487986205009038,0.0
299,0.34294638301170977,0.1230783850450483,-0.8609331519007618,0.12027064396486505,0.49731023155337284,0.0
300,0.34987477723709093,0.14139660198042114,-0.6653566459124982,0.21446076165866335,0.21619684619202834,0.0
301,0.3568031714624721,-0.03196796274090929,-0.7233478689158223,0.06060096552784676,0.3079065076730158,0.0
302,0.3637315656878533,-0.16881582045774687,-0.8292076745854472,-0.23344432575136864,0.4369600715131808,0.0
303,0.37065927093210616,-0.16534374000335397,-0.7504399518179967,-0.3009552118876916,0.2872970133999613,0.0
304,0.3775876651574873,-0.15927757646923854,-0.6584213088780452,-0.2663391486064139,0.14547328355234682,0.0
305,0.3845160593828685,-0.0103373012616849,-0.6114085769338617,-0.38046697123127077,-0.033918737762134755,0.0
306,0.3914444536082497,-0.023786624125308253,-0.5461278719532502,-0.3813275916040925,-0.13531851335879083,0.0
307,0.39837215885250254,0.056310678458555384,-0.5275942901604072,-0.2673910176670528,-0.16533093224925952,0.0
308,0.4053005530778837,0.09354574719379055,-0.5238167448921341,-0.2646179078607702,-0.18593976822382557,0.0
309,0.4122289473032646,0.06117957279691787,-0.48447715179877515,-0.16148690075595715,-0.19966354135112707,0.0
310,0.41915734152864575,0.0518408737632394,-0.5271811211590123,-0.0867085536226033,-0.09858746261621239,0.0
311,0.4260850467728986,0.0007573925213343788,-0.6109658958046082,-0.11874275610482678,0.04535129923524146,0.0
312,0.4330134409982798,-0.08089635985704009,-0.6091951714847498,-0.04664189443384689,0.10546713143135444,0.0
313,0.439941835223661,0.02665831374104489,-0.6143007599436277,-0.0624199344957761,0.06098600970144872,0.0
314,0.44687022944904214,-0.08919742560550697,-0.6040305587701548,-0.1278270821914099,0.07092063351107397,0.0
315,0.45379793469329505,-0.13732764316893156,-0.610493702547496,-0.2942136859000967,0.04900032200867663,0.0
316,0.46072641504131734,-0.07630682829547147,-0.7481084980546066,-0.3952887662570584,0.2171071080691967,0.0
317,0.4676548092666985,-0.14016117998115937,-0.9442457336835581,-0.43922821728321837,0.5612879768267618,0.0
318,0.4745832034920794,-0.2637592595225904,-1.1314112999904087,-0.414126789795818,0.9342811138613746,0.0
319,0.4815109087363325,-0.4413142664290559,-1.2303947922898284,-0.3251482066706103,1.2008532925159257,0.0
320,0.4884393029617134,-0.49854372902704036,-1.1153862435451694,-0.18811831966236178,1.0758721116318521,0.0
321,0.49536769718709456,-0.5479510336081819,-1.094521209171874,-0.1394932690770472,1.0819209929585243,0.0
322,0.5022960914124758,-0.41852624453175397,-0.9685931948067289,-0.04076098849966284,0.8427801836943235,0.0
323,0.5092237966567286,-0.284112834250711,-0.8592214528224023,0.1685131965357229,0.6781714651384673,0.0
324,0.5161521908821098,0.008938731136935415,-0.781191531674166,0.3337044941887913,0.5011000709420779,0.0
325,0.523080585107491,0.13058127124080884,-0.579122369189234,0.47030407085092346,0.21391419975513454,0.0
326,0.5300089793328722,-0.012252931654953858,-0.43345077795776293,0.6368819235668386,0.1505596746565241,0.0
327,0.5369366845771251,-0.049128819791430904,-0.29111405086531095,0.18132687746473006,-0.293607571785594,0.0
328,0.5438650788025062,0.09083193724781526,-0.008388393570260845,-0.2455886353147823,-0.9898244420849599,0.0
329,0.5507934730278874,0.16909342726037407,0.21363093008453862,-0.11553933563301669,-1.2846720562385265,0.0
330,0.5577218672532686,0.36021748363010253,0.20604632742013407,0.04228887667911212,-1.2653288008919492,0.0
331,0.5646495724975215,0.4701666956196934,0.263683405480624,0.12777716598137287,-1.3227557447281622,0.0
332,0.5715779667229026,0.42742418890393064,0.44642216029778137,0.05859285111165528,-1.590825798769159,0.0
333,0.5785063609482834,0.43664316080474336,0.5704614022259463,0.0671512425082133,-1.7292732070629417,0.0
334,0.5854347551736646,0.5777612782620669,0.5798757534659263,0.211066092499036,-1.6621383375674281,0.0
335,0.5923624604179178,0.6612109340608125,0.3585056954410782,0.3384857184112654,-1.323536431400628,0.0
336,0.5992908546432987,0.6370660073238296,0.033990942975000556,0.3941391686547227,-0.8584081403721829,0.0
337,0.6062192488686798,0.5814728124489652,-0.17554477386005793,0.1974874155411157,-0.6735662033192742,0.0
338,0.6131469541129327,0.5449161958669576,-0.26360879896174144,-0.07494674207364634,-0.6731178206541811,0.0
339,0.6200753483383139,0.5794374549228305,-0.33842190349661116,-0.24152459447015032,-0.6284742844780828,0.0
340,0.6270037425636951,0.40675134235472754,-0.43011591381874353,-0.3123345257416031,-0.4629668024919116,0.0
341,0.6339321367890762,0.20118023888045275,-0.5288337971645927,-0.2458755086659191,-0.21190090041137283,0.0
342,0.6408598420333291,0.22001727259173784,-0.643547224236353,-0.11649558066915812,0.017890620568395688,0.0
343,0.6477882362587103,0.21901954835081486,-0.696167250024385,-0.07767203986768006,0.11964159733736926,0.0
344,0.6547166304840915,0.19806733929143097,-0.6718197898869958,-0.42837483811933197,-0.026369396406364137,0.0
345,0.6616450247094726,0.2919731453376758,-0.6050929934015011,-0.5174012335761996,-0.1929875443219652,0.0
346,0.6685727299537255,0.1535688378263274,-0.5314898837429581,-0.1757349490794711,-0.16536444978094733,0.0
347,0.6755011241791067,-0.22800082249328893,-0.5358576705826215,0.3883538873838582,0.2593301553171561,0.0
348,0.6824295184044878,-0.3447345592145111,-0.5761711619237514,0.6765182727288895,0.5314790075115479,0.0
349,0.6893579126298687,-0.2667524322453594,-0.5758465291087757,0.8796246784789544,0.6110707539803827,0.0
350,0.6962856178741219,-0.2969236134721691,-0.5151697075963834,0.6401331560508973,0.4009547534421258,0.0
351,0.7032140120995027,-0.08161472132116931,-0.3870282873878138,0.44711513343580606,0.004290466543859715,0.0
352,0.7101424063248839,0.018157703304361252,-0.27665313522501406,0.14790612023907085,-0.36443051750524,0.0
353,0.7170708005502652,0.029252396820767437,-0.31838320614032434,-0.09230258588623942,-0.4197574106261411,0.0
354,0.723998505794518,-0.025023802098736603,-0.4238003300892266,-0.1142484052334896,-0.2390748954416547,0.0
355,0.7309269000198991,-0.05280044520065365,-0.5643958449896788,0.16578789874168917,0.1117276535799219,0.0
356,0.7378552942452803,-0.06465340922547755,-0.5727477615983125,0.24649496414088698,0.1672342004279167,0.0
357,0.7447836884706616,0.004788198262702035,-0.46555991313239553,0.08904924952380344,-0.10105079877922973,0.0
358,0.7517113937149144,0.01085436179681747,-0.37079664742765844,-0.02885574027513735,-0.30269509431641156,0.0
359,0.7586397879402955,0.07295271873316465,-0.3235773309827778,-0.03621882561607678,-0.4070752217134656,0.0
360,0.7655681821656767,0.10851161107424923,-0.26962926180698504,0.0701156016411352,-0.45485819980018904,0.0
361,0.772496576391058,0.05802676416360758,-0.3697047006684536,0.26275112656118127,-0.1841778187551192,0.0
362,0.7794242816353107,-0.026420615982706314,-0.4948358893558234,0.2770469868969438,0.04706049771817357,0.0
363,0.7863526758606919,-0.0536385335310355,-0.5171470164169394,0.09975919201212163,0.009541114544606691,0.0
364,0.7932810700860728,-0.12990457479513504,-0.42223619027006565,0.07700056462370956,-0.10868080633241382,0.0
365,0.800209464311454,-0.2798824832879003,-0.3817161144282385,0.2854619416179334,0.012807149682022734,0.0
366,0.8071371695557069,-0.5199349367737595,-0.44566877602108906,0.5228019132736413,0.3684121603864159,0.0
367,0.8140655637810881,-0.7017602034207111,-0.5579327010151816,0.5346115371542582,0.6424936112957168,0.0
368,0.8209939580064692,-0.6867544307625769,-0.6187865950975687,0.11744972182692268,0.5290484866713657,0.0
369,0.8279223522318504,-0.7049529210983103,-0.5467771373860454,-0.037175070332807196,0.3804635030005072,0.0
370,0.8348500574761033,-0.6464862802602841,-0.48931713169839436,-0.20337042503426575,0.1999187239228019,0.0
371,0.8417784517014845,-0.560881539962506,-0.4629923627404491,-0.29034089406269314,0.07420874877944303,0.0
372,0.8487068459268656,-0.6333961379954189,-0.3766400379000632,-0.25845012857544925,0.011642732467272163,0.0
373,0.8556352401522468,-1.1737635895987926,-0.26738634442717063,0.044057929437004414,0.4243974408869471,0.0
374,0.8625629453964997,-1.1411180521585131,-0.3492823464386303,0.19729616653388754,0.5545610873269706,0.0
375,0.8694913396218809,-0.9680328499473636,-0.4111396508966469,-0.0984703651715604,0.3743407665810041,0.0
376,0.876419733847262,-0.916989277749747,-0.3502857568142594,-0.4640427711000708,0.14381413217625882,0.0
377,0.8833481280726432,-0.5735725923177117,-0.24112059952778647,-0.6583039121024405,-0.33223042280159937,0.0
378,0.8902758333168961,-0.2573738244340054,-0.22323628336489446,-0.7135270519997815,-0.6005170102787956,0.0
379,0.8972042275422772,-0.12116451035933304,-0.3024171747394275,-0.7524462174645791,-0.5685031733498226,0.0
380,0.9041326217676581,-0.057709248316691775,-0.39484898668077445,-0.8253120748450611,-0.4649162174488345,0.0
381,0.9110603270119113,-0.06577086033265328,-0.40656527955628596,-0.9649716351117882,-0.45752221668646953,0.0
382,0.9179887212372921,-0.080537178991669,-0.3895958377797601,-0.9659756922240607,-0.47776770366824806,0.0
383,0.9249171154626733,-0.13154084241161,-0.38475585788014066,-1.0491211818425676,-0.46341878794894614,0.0
384,0.9318455096880545,-0.3101334826032872,-0.29858060521543733,-1.0048470453252574,-0.48746011718769144,0.0
385,0.9387732149323074,-0.4125798081305044,-0.18903179105542797,-0.8323404745032039,-0.5622286127361042,0.0
386,0.9457016091576885,-0.35491134657857143,-0.227958215147392,-0.8948788876972944,-0.5544583672562882,0.0
387,0.9526300033830697,-0.13126147963481613,-0.16134946677901937,-0.9889255685877598,-0.8195111408794868,0.0
388,0.9595583976084509,0.00538683286057851,-0.1266727812124405,-1.1978650680936662,-0.9680008151385193,0.0
389,0.9664861028527038,0.12128248125141898,-0.12097695118217258,-1.2494066654546898,-1.040440079993157,0.0
390,0.9734144970780849,-0.03292577820415686,-0.20659147440334427,-1.1900238603314375,-0.8153633109905665,0.0
391,0.9803428913034661,-0.34393637992841813,-0.26700268735647786,-1.0614567403812685,-0.5167116476256197,0.0
392,0.9872712855288472,-1.1785127568042895,-0.35964108399567857,-0.9011901036901249,0.3176862492706119,0.0
393,0.9941989907731001,-1.409386147433625,-0.37903051572201407,-0.7819941831722457,0.5749870612618024,0.0
394,1.0011273849984814,-1.115177221894514,-0.43489686946264566,-0.6454424188417736,0.3921116734902342,0.0
395,1.0080557792238622,-1.1162547639574012,-0.4420092790670943,-0.6614117079109311,0.39986848596815067,0.0
396,1.0149841734492433,-0.8301074504342522,-0.46048383660422004,-0.8990385527900115,0.15169312256876524,0.0
397,1.0219118786934962,-1.0659694620015894,-0.4858051951865361,-0.8129765162744191,0.3937498299996874,0.0
398,1.0288402729188777,-1.542801833473745,-0.43920563224374787,-0.918832821173266,0.7658433578832052,0.0
399,1.0357686671442585,-1.4749565848243649,-0.4240954509734999,-1.028083795167858,0.6738969659828544,0.0
400,1.04269706136964,-1.3403436295884918,-0.5844345423459654,-1.1378128915846975,0.749465070001322,0.0
401,1.0496247666138927,-1.7006418090276414,-0.6768958664151709,-0.985674336103701,1.2103434898772927,0.0
402,1.0565531608392742,-1.389232117660334,-0.5636875551040103,-1.0067117227784106,0.7710994322055446,0.0
403,1.063481555064655,-0.7703637225785088,-0.6756563594109857,-1.1020971464639453,0.4117980897713068,0.0
404,1.0704099492900359,-1.0720755343133803,-0.8090214158012422,-0.9522057663866763,0.8457984894013064,0.0
405,1.077337654534289,-1.2549783430232189,-0.6033812931402037,-1.148809707328329,0.6985154837675124,0.0
406,1.0842660487596698,-1.3228235916725988,-0.4371397870396164,-1.1086474236678996,0.5411087113171154,0.0
407,1.0911944429850513,-1.0292931188199421,-0.3841656163087505,-1.0712582501012224,0.2029675562586908,0.0
408,1.0981228372104321,-0.8430379565219629,-0.5739872686024977,-1.013070751039019,0.31829667475026713,0.0
409,1.1050505424546855,-0.7555574946085915,-0.6595427675679522,-0.971043789925436,0.3827651379930255,0.0
410,1.1119789366800663,-0.9954104034062339,-0.580066755506302,-0.924044355582151,0.45510854330678635,0.0
411,1.1189073309054478,-0.9588936958685149,-0.4696916033435025,-1.1243298391942733,0.2581856869741548,0.0
412,1.1258357251308286,-0.446662068232429,-0.3118610381072661,-1.2509366572250464,-0.37712524943167486,0.0
413,1.1327634303750818,-0.2753727698149089,-0.4451080467747137,-0.9298296369168977,-0.2715885137250354,0.0
414,1.1396918246004626,-0.06301714134238949,-0.5891269620006044,-0.8215349076709771,-0.1385201933931063,0.0
415,1.146620218825844,0.35071914895249584,-0.4565587308938106,-0.9264349676933881,-0.5420122718841784,0.0
416,1.1535481824380198,0.3130450812633125,-0.588536720429214,-0.7517290337673258,-0.2759304559891286,0.0
417,1.160475887682273,0.19423607823827996,-0.6146549048864617,-0.7297354024078269,-0.18837796159714343,0.0
418,1.1674042819076538,0.22109481492123806,-0.5354740135119287,-0.8317667278009301,-0.3502935074980061,0.0
419,1.1743326761330353,0.19842651989018897,-0.6007252065618378,-0.8879461125427657,-0.23602332174237795,0.0
420,1.181261070358416,0.0350791063557644,-0.5675536367558589,-0.9263393432217151,-0.2321255835187574,0.0
421,1.1881887756026692,-0.2991186069088452,-0.5843164940316876,-0.964254451478417,-0.03571219416758146,0.0
422,1.1951171698280503,-0.2546600144880304,-0.41834059668751494,-1.084693490223869,-0.337844770721063,0.0
423,1.2020455640534318,0.12479447075010049,-0.34075335726000133,-1.178644546629885,-0.6720319340937018,0.0
424,1.2089739582788126,0.2587289732995198,-0.2538403029760834,-1.2099615654340197,-0.8781558198240327,0.0
425,1.2159016635230657,0.3549494996486934,-0.2000397942424275,-1.2005903659132529,-1.0078459940014948,0.0
426,1.2228300577484466,0.3829655964831158,-0.24838056937721528,-1.2491197920077297,-0.9317663688532533,0.0
427,1.2297584519738274,0.40479580291717004,-0.32694170724965554,-1.2051803411891868,-0.8008678960121061,0.0
428,1.2366868461992089,0.4510502988650012,-0.3587262096093126,-1.0713538745728957,-0.754455297602078,0.0
429,1.2436145514434616,0.26790803642265704,-0.34476699915683034,-1.0642298504430798,-0.7207484576181576,0.0
430,1.250542945668843,0.04306090054976189,-0.4550241032025081,-0.8291370543508049,-0.4148745519200217,0.0
431,1.2574713398942239,0.35195632692592427,-0.47948961145701907,-0.7397281608794806,-0.4755834646444158,0.0
432,1.2643997341196054,0.6987652746704528,-0.7219903135973589,-0.8268420665834765,-0.12357364510429807,0.0
433,1.2713274393638578,1.1027637761819677,-0.9598871318751668,-0.9390095874751537,0.29924901505947965,0.0
434,1.2782558335892393,1.56766336570069,-1.0941965755682734,-1.2101528144029188,0.6250225550637935,0.0
435,1.2851842278146202,1.7185591806124143,-1.201974665802737,-1.5256658022877259,0.8784909631713143,0.0
436,1.2921126220400017,1.6702693271384486,-1.2658683033370266,-1.9102674804428128,1.0295806048011111,0.0
437,1.2990403272842543,1.3255755546886963,-1.3147402955903311,-2.0212875075785908,1.0542291244322568,0.0
438,1.3059687215096358,1.0725925950084807,-1.2442949771065,-1.8715395643046546,0.8656081938509262,0.0
439,1.3128971157350167,1.0085786074122514,-1.2093821962914586,-1.7480405419226666,0.7771526510195422,0.0
440,1.3198255099603975,0.9831565936308903,-1.2079951288451367,-1.620716540354346,0.7553118029989371,0.0
441,1.3267532152046506,0.8985096686363919,-0.9998759911899463,-1.389114037893371,0.355434844552178,0.0
442,1.3336816094300314,0.7541190158128118,-0.8500727089587427,-1.2330548785307816,0.08100193936121683,0.0
443,1.340610003655413,0.8749633764359644,-0.9294601850311296,-1.3029085647660925,0.22350764002469248,0.0
444,1.347538397880794,1.1402782078539648,-0.9039912673867708,-1.4967872078817703,0.2085114719518654,0.0
445,1.3544661031250471,0.7395921507796561,-0.4039091931750764,-1.451413389812456,-0.7103705640235601,0.0
446,1.361394497350428,0.6649224682477108,0.014158830119411325,-1.2869392757608176,-1.467422507953358,0.0
447,1.3683228915758094,0.9770106122748108,-0.19381274689648625,-1.5118002519786684,-1.080413644554023,0.0
448,1.3752512858011903,0.9202201482041935,-0.5854969769773116,-1.4045573922086214,-0.39159079964966614,0.0
449,1.3821789910454434,0.848663365322591,-0.87884698137445,-1.144124107577528,0.13011387679813785,0.0
450,1.3891073852708242,1.12519261724056,-1.0794700515658742,-0.9356149182516443,0.517253552032307,0.0
451,1.3960357794962057,1.2023765647903117,-1.2138090075839953,-0.8190486712158316,0.7788773145190118,0.0
452,1.4029641737215868,1.0228660186062566,-1.2360611094036127,-0.7862972850363548,0.8044408119291837,0.0
453,1.40989187896584,0.8291478790768216,-1.1659699368483971,-0.9443645586234894,0.658617676010998,0.0
454,1.4168202731912207,0.7553961028305287,-1.0467116507612904,-1.0509380470598841,0.43930612380389145,0.0
455,1.4237486674166016,0.6828415957000048,-0.9041093147152675,-0.9900252501717054,0.18987877949500745,0.0
456,1.430677061641983,0.5552127100972705,-0.6519581649035476,-0.8432416659987503,-0.23310959553227262,0.0
457,1.4376047668862357,0.4027205366133599,-0.5030402455223203,-0.8845514433192562,-0.4701189135454623,0.0
458,1.4445331611116172,0.32689349376998245,-0.4183110845596562,-0.8503178776691418,-0.5921841884089287,0.0
459,1.451461555336998,0.2795614557592642,-0.34019262801362576,-0.8144586960005856,-0.7061456914348687,0.0
460,1.4583899495623796,0.4113408739162962,-0.43129639656721164,-1.051703042929092,-0.6141986133904328,0.0
461,1.465317654806632,0.4953891644195634,-0.49719685524707224,-1.133557601988366,-0.5206065691599403,0.0
462,1.4722460490320135,0.4304572704043753,-0.44363244314197225,-1.1196920516793087,-0.6003015424721982,0.0
463,1.4791744432573943,0.35582749702336375,-0.6554701016125623,-1.11644081919525,-0.2045790083230729,0.0
464,1.4861028374827758,0.589414697332061,-0.7588213805544892,-1.0831634984535126,-0.06623254460469125,0.0
465,1.4930305427270285,0.41118123800575496,-0.5097689982532325,-1.1086474236678996,-0.4775262312864039,0.0
466,1.49995893695241,0.364368016504336,-0.9646090644462895,-1.048977745103117,0.3455698383066131,0.0
467,1.5068873311777908,0.6834801392088633,-0.5360347429554604,-0.8872767411452311,-0.46341606943322755,0.0
468,1.5138157254031717,0.34960169757870707,-0.5278008746611047,-1.0362596886138415,-0.4253307783937483,0.0
469,1.5207434306474248,0.3972929167214095,-0.7851756622317617,-0.838221380437388,0.035894570140275826,0.0
470,1.5276718248728056,0.553057625704883,-0.9178029171999603,-0.924570290240235,0.23455735864175176,0.0
471,1.5346002190981871,0.5470712802593449,-0.904817604600936,-1.1023840199109054,0.20197377543832962,0.0
472,1.541528613323568,0.485132559233539,-0.8480954009268118,-1.16759991862167,0.1092498487729694,0.0
473,1.5484563185678213,0.46841070087035264,-0.8056570403229897,-1.0927259469623432,0.03784082390787607,0.0
474,1.5553847127932021,0.5131486560679615,-0.759175525300167,-1.0453918269362612,-0.05183308983965403,0.0
475,1.5623131070185836,0.5404863002159302,-0.6662715202988643,-0.9871087033704432,-0.21952374450606554,0.0
476,1.569240812262836,0.7340048950038257,-0.4345132125891092,-0.9638719535597838,-0.6588417625841224,0.0
477,1.5761692064882176,0.828948334228637,-0.15320413467108318,-0.964254451478417,-1.1708302310923007,0.0
478,1.5830976007135984,0.5635137758457374,-0.012638131898489684,-0.8860336228537761,-1.375637837572212,0.0
479,1.59002599493898,0.22376871582292474,-0.1508136568491321,-0.9515363949891419,-1.0269307743729068,0.0
480,1.5969537001832326,0.28183626701790415,-0.17693184130637976,-1.08392849432272,-1.017767453626336,0.0
481,1.603882094408614,0.35071914895249584,-0.09937411400672487,-1.1168233171458244,-1.1803694156428264,0.0
482,1.610810488633995,0.3064601012198978,0.08495829275745204,-1.1760148732947477,-1.479496169884946,0.0
483,1.6177388828593757,0.47391813858426707,0.34619916119133254,-1.2805802475321506,-1.9973089160582074,0.0
484,1.6246665881036289,0.45460219740797125,0.5036755814847348,-1.3042951197969985,-2.250556769182638,0.0
485,1.6315949823290097,0.46465925763916577,0.19105419446416405,-1.407330502270433,-1.713440176680359,0.0
486,1.6385233765543912,0.6408972684036418,-0.34913478599649367,-1.4425203127011599,-0.798784746503581,0.0
487,1.6454517707797722,0.6489987893039241,-0.5697375300771126,-1.3249500085211336,-0.4130934221894609,0.0
488,1.6523794760240254,0.3727089912970914,-0.6765122095416344,-1.0818725679262209,-0.17054419824915756,0.0
489,1.6593078702494062,0.45412328967634746,-0.6825916964454392,-0.7431706423707678,-0.14512394501917822,0.0
490,1.6662362644747877,0.6207831476213171,-0.7380153692539729,-0.9490979706420682,-0.09964489276087224,0.0
491,1.6731646587001685,0.6054581032220843,-0.7904878353884932,-1.0972681099736936,-0.011859805162743655,0.0
492,1.6800923639444216,0.6365870996721898,-0.5364479119568555,-1.1650180575319515,-0.47505965932214284,0.0
493,1.6870207581698027,0.7097003323829628,-0.3536796452089958,-1.0450571412215233,-0.8087767779396944,0.0
494,1.693949152395184,0.7782240335854901,-0.2500037334520934,-1.0194297792676859,-0.9994468846154494,0.0
495,1.700877546620565,0.8625915957898638,-0.2549912737938493,-1.1566031028588735,-0.9996696126261405,0.0
496,1.7078052518648181,0.6519520530623886,-0.4201703452630905,-1.7116076132324254,-0.6289070796774078,0.0
497,1.714733646090199,0.5783200038156548,-0.6798765858085125,-1.629753054109269,-0.17313861435013472,0.0
498,1.7216620403155805,0.8570043400166997,-1.0367955943334957,-1.2615509750500447,0.4165596012898328,0.0
499,1.7285904345409613,0.8209665402745915,-1.1857430250539565,-1.3921740214021432,0.6918669724851946,0.0
